-- MySQL dump 10.13  Distrib 5.1.59, for unknown-linux-gnu (x86_64)
--
-- Host: localhost    Database: my_wiki
-- ------------------------------------------------------
-- Server version	5.1.59-log

/*!40101 SET @OLD_CHARACTER_SET_CLIENT=@@CHARACTER_SET_CLIENT */;
/*!40101 SET @OLD_CHARACTER_SET_RESULTS=@@CHARACTER_SET_RESULTS */;
/*!40101 SET @OLD_COLLATION_CONNECTION=@@COLLATION_CONNECTION */;
/*!40101 SET NAMES utf8 */;
/*!40103 SET @OLD_TIME_ZONE=@@TIME_ZONE */;
/*!40103 SET TIME_ZONE='+00:00' */;
/*!40014 SET @OLD_UNIQUE_CHECKS=@@UNIQUE_CHECKS, UNIQUE_CHECKS=0 */;
/*!40014 SET @OLD_FOREIGN_KEY_CHECKS=@@FOREIGN_KEY_CHECKS, FOREIGN_KEY_CHECKS=0 */;
/*!40101 SET @OLD_SQL_MODE=@@SQL_MODE, SQL_MODE='NO_AUTO_VALUE_ON_ZERO' */;
/*!40111 SET @OLD_SQL_NOTES=@@SQL_NOTES, SQL_NOTES=0 */;

--
-- Table structure for table `archive`
--

DROP TABLE IF EXISTS `archive`;
/*!40101 SET @saved_cs_client     = @@character_set_client */;
/*!40101 SET character_set_client = utf8 */;
CREATE TABLE `archive` (
  `ar_id` int(10) unsigned NOT NULL AUTO_INCREMENT,
  `ar_namespace` int(11) NOT NULL DEFAULT '0',
  `ar_title` varchar(255) CHARACTER SET utf8 COLLATE utf8_bin NOT NULL DEFAULT '',
  `ar_text` mediumblob NOT NULL,
  `ar_comment` varbinary(767) NOT NULL,
  `ar_user` int(10) unsigned NOT NULL DEFAULT '0',
  `ar_user_text` varchar(255) CHARACTER SET utf8 COLLATE utf8_bin NOT NULL,
  `ar_timestamp` binary(14) NOT NULL DEFAULT '\0\0\0\0\0\0\0\0\0\0\0\0\0\0',
  `ar_minor_edit` tinyint(4) NOT NULL DEFAULT '0',
  `ar_flags` tinyblob NOT NULL,
  `ar_rev_id` int(10) unsigned DEFAULT NULL,
  `ar_text_id` int(10) unsigned DEFAULT NULL,
  `ar_deleted` tinyint(3) unsigned NOT NULL DEFAULT '0',
  `ar_len` int(10) unsigned DEFAULT NULL,
  `ar_page_id` int(10) unsigned DEFAULT NULL,
  `ar_parent_id` int(10) unsigned DEFAULT NULL,
  `ar_sha1` varbinary(32) NOT NULL DEFAULT '',
  `ar_content_model` varbinary(32) DEFAULT NULL,
  `ar_content_format` varbinary(64) DEFAULT NULL,
  PRIMARY KEY (`ar_id`),
  KEY `name_title_timestamp` (`ar_namespace`,`ar_title`,`ar_timestamp`),
  KEY `usertext_timestamp` (`ar_user_text`,`ar_timestamp`),
  KEY `ar_revid` (`ar_rev_id`)
) ENGINE=InnoDB DEFAULT CHARSET=utf8;
/*!40101 SET character_set_client = @saved_cs_client */;

--
-- Dumping data for table `archive`
--

LOCK TABLES `archive` WRITE;
/*!40000 ALTER TABLE `archive` DISABLE KEYS */;
/*!40000 ALTER TABLE `archive` ENABLE KEYS */;
UNLOCK TABLES;

DROP TABLE IF EXISTS `bot_passwords`;

CREATE TABLE `bot_passwords` (
  `bp_user` int(11) NOT NULL,
  `bp_app_id` varbinary(32) NOT NULL,
  `bp_password` tinyblob NOT NULL,
  `bp_token` binary(32) NOT NULL DEFAULT '\0\0\0\0\0\0\0\0\0\0\0\0\0\0\0\0\0\0\0\0\0\0\0\0\0\0\0\0\0\0\0\0',
  `bp_restrictions` blob NOT NULL,
  `bp_grants` blob NOT NULL,
  PRIMARY KEY (`bp_user`,`bp_app_id`)
) ENGINE=InnoDB DEFAULT CHARSET=utf8;

--
-- Table structure for table `category`
--

DROP TABLE IF EXISTS `category`;
/*!40101 SET @saved_cs_client     = @@character_set_client */;
/*!40101 SET character_set_client = utf8 */;
CREATE TABLE `category` (
  `cat_id` int(10) unsigned NOT NULL AUTO_INCREMENT,
  `cat_title` varchar(255) CHARACTER SET utf8 COLLATE utf8_bin NOT NULL,
  `cat_pages` int(11) NOT NULL DEFAULT '0',
  `cat_subcats` int(11) NOT NULL DEFAULT '0',
  `cat_files` int(11) NOT NULL DEFAULT '0',
  PRIMARY KEY (`cat_id`),
  UNIQUE KEY `cat_title` (`cat_title`),
  KEY `cat_pages` (`cat_pages`)
) ENGINE=InnoDB DEFAULT CHARSET=utf8;
/*!40101 SET character_set_client = @saved_cs_client */;

--
-- Dumping data for table `category`
--

LOCK TABLES `category` WRITE;
/*!40000 ALTER TABLE `category` DISABLE KEYS */;
/*!40000 ALTER TABLE `category` ENABLE KEYS */;
UNLOCK TABLES;

--
-- Table structure for table `categorylinks`
--

DROP TABLE IF EXISTS `categorylinks`;
/*!40101 SET @saved_cs_client     = @@character_set_client */;
/*!40101 SET character_set_client = utf8 */;
CREATE TABLE `categorylinks` (
  `cl_from` int(10) unsigned NOT NULL DEFAULT '0',
  `cl_to` varchar(255) CHARACTER SET utf8 COLLATE utf8_bin NOT NULL DEFAULT '',
  `cl_sortkey` varbinary(230) NOT NULL DEFAULT '',
  `cl_sortkey_prefix` varchar(255) CHARACTER SET utf8 COLLATE utf8_bin NOT NULL DEFAULT '',
  `cl_timestamp` timestamp NOT NULL DEFAULT CURRENT_TIMESTAMP ON UPDATE CURRENT_TIMESTAMP,
  `cl_collation` varbinary(32) NOT NULL DEFAULT '',
  `cl_type` enum('page','subcat','file') NOT NULL DEFAULT 'page',
  `cl_first_letter` binary(1) DEFAULT NULL,
  UNIQUE KEY `cl_from` (`cl_from`,`cl_to`),
  KEY `cl_sortkey` (`cl_to`,`cl_type`,`cl_sortkey`,`cl_from`),
  KEY `cl_timestamp` (`cl_to`,`cl_timestamp`),
  KEY `cl_collation` (`cl_collation`)
) ENGINE=InnoDB DEFAULT CHARSET=utf8;
/*!40101 SET character_set_client = @saved_cs_client */;

--
-- Dumping data for table `categorylinks`
--

LOCK TABLES `categorylinks` WRITE;
/*!40000 ALTER TABLE `categorylinks` DISABLE KEYS */;
/*!40000 ALTER TABLE `categorylinks` ENABLE KEYS */;
UNLOCK TABLES;

--
-- Table structure for table `change_tag`
--

DROP TABLE IF EXISTS `change_tag`;
/*!40101 SET @saved_cs_client     = @@character_set_client */;
/*!40101 SET character_set_client = utf8 */;
CREATE TABLE `change_tag` (
  `ct_rc_id` int(11) DEFAULT NULL,
  `ct_log_id` int(11) DEFAULT NULL,
  `ct_rev_id` int(11) DEFAULT NULL,
  `ct_tag` varchar(255) NOT NULL,
  `ct_params` blob,
  UNIQUE KEY `change_tag_rc_tag` (`ct_rc_id`,`ct_tag`),
  UNIQUE KEY `change_tag_log_tag` (`ct_log_id`,`ct_tag`),
  UNIQUE KEY `change_tag_rev_tag` (`ct_rev_id`,`ct_tag`),
  KEY `change_tag_tag_id` (`ct_tag`,`ct_rc_id`,`ct_rev_id`,`ct_log_id`)
) ENGINE=InnoDB DEFAULT CHARSET=utf8;
/*!40101 SET character_set_client = @saved_cs_client */;

--
-- Dumping data for table `change_tag`
--

LOCK TABLES `change_tag` WRITE;
/*!40000 ALTER TABLE `change_tag` DISABLE KEYS */;
/*!40000 ALTER TABLE `change_tag` ENABLE KEYS */;
UNLOCK TABLES;

--
-- Table structure for table `externallinks`
--

DROP TABLE IF EXISTS `externallinks`;
/*!40101 SET @saved_cs_client     = @@character_set_client */;
/*!40101 SET character_set_client = utf8 */;
CREATE TABLE `externallinks` (
  `el_id` int(10) unsigned NOT NULL AUTO_INCREMENT,
  `el_from` int(10) unsigned NOT NULL DEFAULT '0',
  `el_to` blob NOT NULL,
  `el_index` blob NOT NULL,
  PRIMARY KEY (`el_id`),
  KEY `el_from` (`el_from`,`el_to`(40)),
  KEY `el_to` (`el_to`(60),`el_from`),
  KEY `el_index` (`el_index`(60))
) ENGINE=InnoDB AUTO_INCREMENT=10 DEFAULT CHARSET=utf8;
/*!40101 SET character_set_client = @saved_cs_client */;

--
-- Dumping data for table `externallinks`
--

LOCK TABLES `externallinks` WRITE;
/*!40000 ALTER TABLE `externallinks` DISABLE KEYS */;
INSERT INTO `externallinks` VALUES (1,1,'//meta.wikimedia.org/wiki/Help:Contents','http://org.wikimedia.meta./wiki/Help:Contents'),(2,1,'//meta.wikimedia.org/wiki/Help:Contents','https://org.wikimedia.meta./wiki/Help:Contents'),(3,1,'//www.mediawiki.org/wiki/Special:MyLanguage/Manual:Configuration_settings','http://org.mediawiki.www./wiki/Special:MyLanguage/Manual:Configuration_settings'),(4,1,'//www.mediawiki.org/wiki/Special:MyLanguage/Manual:Configuration_settings','https://org.mediawiki.www./wiki/Special:MyLanguage/Manual:Configuration_settings'),(5,1,'//www.mediawiki.org/wiki/Special:MyLanguage/Manual:FAQ/zh-hans','http://org.mediawiki.www./wiki/Special:MyLanguage/Manual:FAQ/zh-hans'),(6,1,'//www.mediawiki.org/wiki/Special:MyLanguage/Manual:FAQ/zh-hans','https://org.mediawiki.www./wiki/Special:MyLanguage/Manual:FAQ/zh-hans'),(7,1,'https://lists.wikimedia.org/mailman/listinfo/mediawiki-announce','https://org.wikimedia.lists./mailman/listinfo/mediawiki-announce'),(8,1,'//www.mediawiki.org/wiki/Special:MyLanguage/Localisation#Translation_resources','http://org.mediawiki.www./wiki/Special:MyLanguage/Localisation#Translation_resources'),(9,1,'//www.mediawiki.org/wiki/Special:MyLanguage/Localisation#Translation_resources','https://org.mediawiki.www./wiki/Special:MyLanguage/Localisation#Translation_resources');
/*!40000 ALTER TABLE `externallinks` ENABLE KEYS */;
UNLOCK TABLES;

--
-- Table structure for table `filearchive`
--

DROP TABLE IF EXISTS `filearchive`;
/*!40101 SET @saved_cs_client     = @@character_set_client */;
/*!40101 SET character_set_client = utf8 */;
CREATE TABLE `filearchive` (
  `fa_id` int(11) NOT NULL AUTO_INCREMENT,
  `fa_name` varchar(255) CHARACTER SET utf8 COLLATE utf8_bin NOT NULL DEFAULT '',
  `fa_archive_name` varchar(255) CHARACTER SET utf8 COLLATE utf8_bin DEFAULT '',
  `fa_storage_group` varbinary(16) DEFAULT NULL,
  `fa_storage_key` varbinary(64) DEFAULT '',
  `fa_deleted_user` int(11) DEFAULT NULL,
  `fa_deleted_timestamp` binary(14) DEFAULT '\0\0\0\0\0\0\0\0\0\0\0\0\0\0',
  `fa_deleted_reason` varbinary(767) DEFAULT '',
  `fa_size` int(10) unsigned DEFAULT '0',
  `fa_width` int(11) DEFAULT '0',
  `fa_height` int(11) DEFAULT '0',
  `fa_metadata` mediumblob,
  `fa_bits` int(11) DEFAULT '0',
  `fa_media_type` enum('UNKNOWN','BITMAP','DRAWING','AUDIO','VIDEO','MULTIMEDIA','OFFICE','TEXT','EXECUTABLE','ARCHIVE') DEFAULT NULL,
  `fa_major_mime` enum('unknown','application','audio','image','text','video','message','model','multipart','chemical') DEFAULT 'unknown',
  `fa_minor_mime` varbinary(100) DEFAULT 'unknown',
  `fa_description` varbinary(767) DEFAULT NULL,
  `fa_user` int(10) unsigned DEFAULT '0',
  `fa_user_text` varchar(255) CHARACTER SET utf8 COLLATE utf8_bin DEFAULT NULL,
  `fa_timestamp` binary(14) DEFAULT '\0\0\0\0\0\0\0\0\0\0\0\0\0\0',
  `fa_deleted` tinyint(3) unsigned NOT NULL DEFAULT '0',
  `fa_sha1` varbinary(32) NOT NULL DEFAULT '',
  PRIMARY KEY (`fa_id`),
  KEY `fa_name` (`fa_name`,`fa_timestamp`),
  KEY `fa_storage_group` (`fa_storage_group`,`fa_storage_key`),
  KEY `fa_deleted_timestamp` (`fa_deleted_timestamp`),
  KEY `fa_user_timestamp` (`fa_user_text`,`fa_timestamp`),
  KEY `fa_sha1` (`fa_sha1`(10))
) ENGINE=InnoDB DEFAULT CHARSET=utf8;
/*!40101 SET character_set_client = @saved_cs_client */;

--
-- Dumping data for table `filearchive`
--

LOCK TABLES `filearchive` WRITE;
/*!40000 ALTER TABLE `filearchive` DISABLE KEYS */;
/*!40000 ALTER TABLE `filearchive` ENABLE KEYS */;
UNLOCK TABLES;

--
-- Table structure for table `image`
--

DROP TABLE IF EXISTS `image`;
/*!40101 SET @saved_cs_client     = @@character_set_client */;
/*!40101 SET character_set_client = utf8 */;
CREATE TABLE `image` (
  `img_name` varchar(255) CHARACTER SET utf8 COLLATE utf8_bin NOT NULL DEFAULT '',
  `img_size` int(10) unsigned NOT NULL DEFAULT '0',
  `img_width` int(11) NOT NULL DEFAULT '0',
  `img_height` int(11) NOT NULL DEFAULT '0',
  `img_metadata` mediumblob NOT NULL,
  `img_bits` int(11) NOT NULL DEFAULT '0',
  `img_media_type` enum('UNKNOWN','BITMAP','DRAWING','AUDIO','VIDEO','MULTIMEDIA','OFFICE','TEXT','EXECUTABLE','ARCHIVE') DEFAULT NULL,
  `img_major_mime` enum('unknown','application','audio','image','text','video','message','model','multipart','chemical') NOT NULL DEFAULT 'unknown',
  `img_minor_mime` varbinary(100) NOT NULL DEFAULT 'unknown',
  `img_description` varbinary(767) NOT NULL,
  `img_user` int(10) unsigned NOT NULL DEFAULT '0',
  `img_user_text` varchar(255) CHARACTER SET utf8 COLLATE utf8_bin NOT NULL,
  `img_timestamp` varbinary(14) NOT NULL DEFAULT '',
  `img_sha1` varbinary(32) NOT NULL DEFAULT '',
  PRIMARY KEY (`img_name`),
  KEY `img_usertext_timestamp` (`img_user_text`,`img_timestamp`),
  KEY `img_size` (`img_size`),
  KEY `img_timestamp` (`img_timestamp`),
  KEY `img_sha1` (`img_sha1`(10)),
  KEY `img_media_mime` (`img_media_type`,`img_major_mime`,`img_minor_mime`)
) ENGINE=InnoDB DEFAULT CHARSET=utf8;
/*!40101 SET character_set_client = @saved_cs_client */;

--
-- Dumping data for table `image`
--

LOCK TABLES `image` WRITE;
/*!40000 ALTER TABLE `image` DISABLE KEYS */;
/*!40000 ALTER TABLE `image` ENABLE KEYS */;
UNLOCK TABLES;

--
-- Table structure for table `imagelinks`
--

DROP TABLE IF EXISTS `imagelinks`;
/*!40101 SET @saved_cs_client     = @@character_set_client */;
/*!40101 SET character_set_client = utf8 */;
CREATE TABLE `imagelinks` (
  `il_from` int(10) unsigned NOT NULL DEFAULT '0',
  `il_from_namespace` int(11) NOT NULL DEFAULT '0',
  `il_to` varchar(255) CHARACTER SET utf8 COLLATE utf8_bin NOT NULL DEFAULT '',
  UNIQUE KEY `il_from` (`il_from`,`il_to`),
  KEY `il_to` (`il_to`,`il_from`),
  KEY `il_backlinks_namespace` (`il_from_namespace`,`il_to`,`il_from`)
) ENGINE=InnoDB DEFAULT CHARSET=utf8;
/*!40101 SET character_set_client = @saved_cs_client */;

--
-- Dumping data for table `imagelinks`
--

LOCK TABLES `imagelinks` WRITE;
/*!40000 ALTER TABLE `imagelinks` DISABLE KEYS */;
/*!40000 ALTER TABLE `imagelinks` ENABLE KEYS */;
UNLOCK TABLES;

--
-- Table structure for table `interwiki`
--

DROP TABLE IF EXISTS `interwiki`;
/*!40101 SET @saved_cs_client     = @@character_set_client */;
/*!40101 SET character_set_client = utf8 */;
CREATE TABLE `interwiki` (
  `iw_prefix` varchar(32) NOT NULL,
  `iw_url` blob NOT NULL,
  `iw_api` blob NOT NULL,
  `iw_wikiid` varchar(64) NOT NULL,
  `iw_local` tinyint(1) NOT NULL,
  `iw_trans` tinyint(4) NOT NULL DEFAULT '0',
  UNIQUE KEY `iw_prefix` (`iw_prefix`)
) ENGINE=InnoDB DEFAULT CHARSET=utf8;
/*!40101 SET character_set_client = @saved_cs_client */;

--
-- Dumping data for table `interwiki`
--
--
-- Table structure for table `ipblocks`
--

DROP TABLE IF EXISTS `ipblocks`;
/*!40101 SET @saved_cs_client     = @@character_set_client */;
/*!40101 SET character_set_client = utf8 */;
CREATE TABLE `ipblocks` (
  `ipb_id` int(11) NOT NULL AUTO_INCREMENT,
  `ipb_address` tinyblob NOT NULL,
  `ipb_user` int(10) unsigned NOT NULL DEFAULT '0',
  `ipb_by` int(10) unsigned NOT NULL DEFAULT '0',
  `ipb_by_text` varchar(255) CHARACTER SET utf8 COLLATE utf8_bin NOT NULL DEFAULT '',
  `ipb_reason` varbinary(767) NOT NULL,
  `ipb_timestamp` binary(14) NOT NULL DEFAULT '\0\0\0\0\0\0\0\0\0\0\0\0\0\0',
  `ipb_auto` tinyint(1) NOT NULL DEFAULT '0',
  `ipb_anon_only` tinyint(1) NOT NULL DEFAULT '0',
  `ipb_create_account` tinyint(1) NOT NULL DEFAULT '1',
  `ipb_enable_autoblock` tinyint(1) NOT NULL DEFAULT '1',
  `ipb_expiry` varbinary(14) NOT NULL DEFAULT '',
  `ipb_range_start` tinyblob NOT NULL,
  `ipb_range_end` tinyblob NOT NULL,
  `ipb_deleted` tinyint(1) NOT NULL DEFAULT '0',
  `ipb_block_email` tinyint(1) NOT NULL DEFAULT '0',
  `ipb_allow_usertalk` tinyint(1) NOT NULL DEFAULT '0',
  `ipb_parent_block_id` int(11) DEFAULT NULL,
  PRIMARY KEY (`ipb_id`),
  UNIQUE KEY `ipb_address` (`ipb_address`(255),`ipb_user`,`ipb_auto`,`ipb_anon_only`),
  KEY `ipb_user` (`ipb_user`),
  KEY `ipb_range` (`ipb_range_start`(8),`ipb_range_end`(8)),
  KEY `ipb_timestamp` (`ipb_timestamp`),
  KEY `ipb_expiry` (`ipb_expiry`),
  KEY `ipb_parent_block_id` (`ipb_parent_block_id`)
) ENGINE=InnoDB DEFAULT CHARSET=utf8;
/*!40101 SET character_set_client = @saved_cs_client */;

--
-- Dumping data for table `ipblocks`
--

LOCK TABLES `ipblocks` WRITE;
/*!40000 ALTER TABLE `ipblocks` DISABLE KEYS */;
/*!40000 ALTER TABLE `ipblocks` ENABLE KEYS */;
UNLOCK TABLES;

--
-- Table structure for table `iwlinks`
--

DROP TABLE IF EXISTS `iwlinks`;
/*!40101 SET @saved_cs_client     = @@character_set_client */;
/*!40101 SET character_set_client = utf8 */;
CREATE TABLE `iwlinks` (
  `iwl_from` int(10) unsigned NOT NULL DEFAULT '0',
  `iwl_prefix` varbinary(20) NOT NULL DEFAULT '',
  `iwl_title` varchar(255) CHARACTER SET utf8 COLLATE utf8_bin NOT NULL DEFAULT '',
  UNIQUE KEY `iwl_from` (`iwl_from`,`iwl_prefix`,`iwl_title`),
  KEY `iwl_prefix_title_from` (`iwl_prefix`,`iwl_title`,`iwl_from`),
  KEY `iwl_prefix_from_title` (`iwl_prefix`,`iwl_from`,`iwl_title`)
) ENGINE=InnoDB DEFAULT CHARSET=utf8;
/*!40101 SET character_set_client = @saved_cs_client */;

--
-- Dumping data for table `iwlinks`
--

LOCK TABLES `iwlinks` WRITE;
/*!40000 ALTER TABLE `iwlinks` DISABLE KEYS */;
/*!40000 ALTER TABLE `iwlinks` ENABLE KEYS */;
UNLOCK TABLES;

--
-- Table structure for table `job`
--

DROP TABLE IF EXISTS `job`;
/*!40101 SET @saved_cs_client     = @@character_set_client */;
/*!40101 SET character_set_client = utf8 */;
CREATE TABLE `job` (
  `job_id` int(10) unsigned NOT NULL AUTO_INCREMENT,
  `job_cmd` varbinary(60) NOT NULL DEFAULT '',
  `job_namespace` int(11) NOT NULL,
  `job_title` varchar(255) CHARACTER SET utf8 COLLATE utf8_bin NOT NULL,
  `job_timestamp` varbinary(14) DEFAULT NULL,
  `job_params` blob NOT NULL,
  `job_random` int(10) unsigned NOT NULL DEFAULT '0',
  `job_attempts` int(10) unsigned NOT NULL DEFAULT '0',
  `job_token` varbinary(32) NOT NULL DEFAULT '',
  `job_token_timestamp` varbinary(14) DEFAULT NULL,
  `job_sha1` varbinary(32) NOT NULL DEFAULT '',
  PRIMARY KEY (`job_id`),
  KEY `job_sha1` (`job_sha1`),
  KEY `job_cmd_token` (`job_cmd`,`job_token`,`job_random`),
  KEY `job_cmd_token_id` (`job_cmd`,`job_token`,`job_id`),
  KEY `job_cmd` (`job_cmd`,`job_namespace`,`job_title`,`job_params`(128)),
  KEY `job_timestamp` (`job_timestamp`)
) ENGINE=InnoDB AUTO_INCREMENT=3 DEFAULT CHARSET=utf8;
/*!40101 SET character_set_client = @saved_cs_client */;

--
-- Dumping data for table `job`
--

LOCK TABLES `job` WRITE;
/*!40000 ALTER TABLE `job` DISABLE KEYS */;
/*!40000 ALTER TABLE `job` ENABLE KEYS */;
UNLOCK TABLES;

--
-- Table structure for table `l10n_cache`
--

DROP TABLE IF EXISTS `l10n_cache`;
/*!40101 SET @saved_cs_client     = @@character_set_client */;
/*!40101 SET character_set_client = utf8 */;
CREATE TABLE `l10n_cache` (
  `lc_lang` varbinary(32) NOT NULL,
  `lc_key` varchar(255) NOT NULL,
  `lc_value` mediumblob NOT NULL,
  KEY `lc_lang_key` (`lc_lang`,`lc_key`)
) ENGINE=InnoDB DEFAULT CHARSET=utf8;
/*!40101 SET character_set_client = @saved_cs_client */;

--
-- Dumping data for table `l10n_cache`
--

--
-- Table structure for table `langlinks`
--

DROP TABLE IF EXISTS `langlinks`;
/*!40101 SET @saved_cs_client     = @@character_set_client */;
/*!40101 SET character_set_client = utf8 */;
CREATE TABLE `langlinks` (
  `ll_from` int(10) unsigned NOT NULL DEFAULT '0',
  `ll_lang` varbinary(20) NOT NULL DEFAULT '',
  `ll_title` varchar(255) CHARACTER SET utf8 COLLATE utf8_bin NOT NULL DEFAULT '',
  UNIQUE KEY `ll_from` (`ll_from`,`ll_lang`),
  KEY `ll_lang` (`ll_lang`,`ll_title`)
) ENGINE=InnoDB DEFAULT CHARSET=utf8;
/*!40101 SET character_set_client = @saved_cs_client */;

--
-- Dumping data for table `langlinks`
--

LOCK TABLES `langlinks` WRITE;
/*!40000 ALTER TABLE `langlinks` DISABLE KEYS */;
/*!40000 ALTER TABLE `langlinks` ENABLE KEYS */;
UNLOCK TABLES;

--
-- Table structure for table `log_search`
--

DROP TABLE IF EXISTS `log_search`;
/*!40101 SET @saved_cs_client     = @@character_set_client */;
/*!40101 SET character_set_client = utf8 */;
CREATE TABLE `log_search` (
  `ls_field` varbinary(32) NOT NULL,
  `ls_value` varchar(255) NOT NULL,
  `ls_log_id` int(10) unsigned NOT NULL DEFAULT '0',
  UNIQUE KEY `ls_field_val` (`ls_field`,`ls_value`,`ls_log_id`),
  KEY `ls_log_id` (`ls_log_id`)
) ENGINE=InnoDB DEFAULT CHARSET=utf8;
/*!40101 SET character_set_client = @saved_cs_client */;

--
-- Dumping data for table `log_search`
--

LOCK TABLES `log_search` WRITE;
/*!40000 ALTER TABLE `log_search` DISABLE KEYS */;
/*!40000 ALTER TABLE `log_search` ENABLE KEYS */;
UNLOCK TABLES;

--
-- Table structure for table `logging`
--

DROP TABLE IF EXISTS `logging`;
/*!40101 SET @saved_cs_client     = @@character_set_client */;
/*!40101 SET character_set_client = utf8 */;
CREATE TABLE `logging` (
  `log_id` int(10) unsigned NOT NULL AUTO_INCREMENT,
  `log_type` varbinary(32) NOT NULL DEFAULT '',
  `log_action` varbinary(32) NOT NULL DEFAULT '',
  `log_timestamp` binary(14) NOT NULL DEFAULT '19700101000000',
  `log_user` int(10) unsigned NOT NULL DEFAULT '0',
  `log_user_text` varchar(255) CHARACTER SET utf8 COLLATE utf8_bin NOT NULL DEFAULT '',
  `log_namespace` int(11) NOT NULL DEFAULT '0',
  `log_title` varchar(255) CHARACTER SET utf8 COLLATE utf8_bin NOT NULL DEFAULT '',
  `log_page` int(10) unsigned DEFAULT NULL,
  `log_comment` varbinary(767) NOT NULL DEFAULT '',
  `log_params` blob NOT NULL,
  `log_deleted` tinyint(3) unsigned NOT NULL DEFAULT '0',
  PRIMARY KEY (`log_id`),
  KEY `type_time` (`log_type`,`log_timestamp`),
  KEY `user_time` (`log_user`,`log_timestamp`),
  KEY `page_time` (`log_namespace`,`log_title`,`log_timestamp`),
  KEY `times` (`log_timestamp`),
  KEY `log_user_type_time` (`log_user`,`log_type`,`log_timestamp`),
  KEY `log_page_id_time` (`log_page`,`log_timestamp`),
  KEY `type_action` (`log_type`,`log_action`,`log_timestamp`),
  KEY `log_user_text_type_time` (`log_user_text`,`log_type`,`log_timestamp`),
  KEY `log_user_text_time` (`log_user_text`,`log_timestamp`)
) ENGINE=InnoDB DEFAULT CHARSET=utf8;
/*!40101 SET character_set_client = @saved_cs_client */;

--
-- Dumping data for table `logging`
--

LOCK TABLES `logging` WRITE;
/*!40000 ALTER TABLE `logging` DISABLE KEYS */;
/*!40000 ALTER TABLE `logging` ENABLE KEYS */;
UNLOCK TABLES;

--
-- Table structure for table `module_deps`
--

DROP TABLE IF EXISTS `module_deps`;
/*!40101 SET @saved_cs_client     = @@character_set_client */;
/*!40101 SET character_set_client = utf8 */;
CREATE TABLE `module_deps` (
  `md_module` varbinary(255) NOT NULL,
  `md_skin` varbinary(32) NOT NULL,
  `md_deps` mediumblob NOT NULL,
  UNIQUE KEY `md_module_skin` (`md_module`,`md_skin`)
) ENGINE=InnoDB DEFAULT CHARSET=utf8;
/*!40101 SET character_set_client = @saved_cs_client */;

--
-- Dumping data for table `module_deps`
--

LOCK TABLES `module_deps` WRITE;
/*!40000 ALTER TABLE `module_deps` DISABLE KEYS */;
INSERT INTO `module_deps` VALUES ('mediawiki.sectionAnchor','vector','[\"/opt/wiki1.25.1/skins/Vector/skinStyles/mediawiki.sectionAnchor.less\"]'),('mediawiki.ui.button','vector','[\"/opt/wiki1.25.1/resources/src/mediawiki.ui/components/buttons.less\",\"/opt/wiki1.25.1/resources/src/mediawiki.less/mediawiki.mixins.less\",\"/opt/wiki1.25.1/resources/src/mediawiki.less/mediawiki.ui/variables.less\",\"/opt/wiki1.25.1/resources/src/mediawiki.less/mediawiki.ui/mixins.less\"]'),('skins.vector.styles','vector','[\"/opt/wiki1.25.1/skins/Vector/screen.less\",\"/opt/wiki1.25.1/skins/Vector/variables.less\",\"/opt/wiki1.25.1/skins/Vector/components/common.less\",\"/opt/wiki1.25.1/resources/src/mediawiki.less/mediawiki.mixins.less\",\"/opt/wiki1.25.1/skins/Vector/components/navigation.less\",\"/opt/wiki1.25.1/skins/Vector/components/personalMenu.less\",\"/opt/wiki1.25.1/skins/Vector/components/search.less\",\"/opt/wiki1.25.1/skins/Vector/components/tabs.less\",\"/opt/wiki1.25.1/skins/Vector/components/watchstar.less\",\"/opt/wiki1.25.1/resources/src/mediawiki.less/mediawiki.mixins.rotation.less\",\"/opt/wiki1.25.1/resources/src/mediawiki.less/mediawiki.mixins.animation.less\",\"/opt/wiki1.25.1/skins/Vector/components/footer.less\",\"/opt/wiki1.25.1/skins/Vector/components/externalLinks.less\"]');
/*!40000 ALTER TABLE `module_deps` ENABLE KEYS */;
UNLOCK TABLES;

--
-- Table structure for table `msg_resource`
--

DROP TABLE IF EXISTS `msg_resource`;
/*!40101 SET @saved_cs_client     = @@character_set_client */;
/*!40101 SET character_set_client = utf8 */;
CREATE TABLE `msg_resource` (
  `mr_resource` varbinary(255) NOT NULL,
  `mr_lang` varbinary(32) NOT NULL,
  `mr_blob` mediumblob NOT NULL,
  `mr_timestamp` binary(14) NOT NULL,
  UNIQUE KEY `mr_resource_lang` (`mr_resource`,`mr_lang`)
) ENGINE=InnoDB DEFAULT CHARSET=utf8;
/*!40101 SET character_set_client = @saved_cs_client */;

--
-- Dumping data for table `msg_resource`
--

LOCK TABLES `msg_resource` WRITE;
/*!40000 ALTER TABLE `msg_resource` DISABLE KEYS */;
INSERT INTO `msg_resource` VALUES ('jquery.accessKeyLabel','zh-cn','{\"brackets\":\"[$1]\",\"word-separator\":\"\"}','20151015040819'),('jquery.checkboxShiftClick','zh-cn','{}','20151015040819'),('jquery.client','zh-cn','{}','20151015040819'),('jquery.cookie','zh-cn','{}','20151015040819'),('jquery.getAttrs','zh-cn','{}','20151015040819'),('jquery.highlightText','zh-cn','{}','20151015040819'),('jquery.makeCollapsible','zh-cn','{\"collapsible-collapse\":\"\\u6298\\u53e0\",\"collapsible-expand\":\"\\u5c55\\u5f00\"}','20151015040819'),('jquery.mw-jump','zh-cn','{}','20151015040819'),('jquery.mwExtension','zh-cn','{}','20151015040819'),('jquery.placeholder','zh-cn','{}','20151015040819'),('jquery.suggestions','zh-cn','{}','20151015040819'),('jquery.tabIndex','zh-cn','{}','20151015040819'),('jquery.throttle-debounce','zh-cn','{}','20151015040819'),('mediawiki.action.view.postEdit','zh-cn','{\"postedit-confirmation-created\":\"\\u9875\\u9762\\u5df2\\u521b\\u5efa\\u3002\",\"postedit-confirmation-restored\":\"\\u9875\\u9762\\u5df2\\u521b\\u5efa\\u3002\",\"postedit-confirmation-saved\":\"\\u4f60\\u7684\\u7f16\\u8f91\\u5df2\\u4fdd\\u5b58\\u3002\"}','20151015040819'),('mediawiki.api','zh-cn','{}','20151015040819'),('mediawiki.cldr','zh-cn','{}','20151015040819'),('mediawiki.cookie','zh-cn','{}','20151015040819'),('mediawiki.jqueryMsg','zh-cn','{}','20151015040819'),('mediawiki.language','zh-cn','{\"and\":\"\\u548c\",\"comma-separator\":\"\\u3001\",\"word-separator\":\"\"}','20151015040819'),('mediawiki.language.data','zh-cn','{}','20151015040819'),('mediawiki.language.init','zh-cn','{}','20151015040819'),('mediawiki.legacy.ajax','zh-cn','{}','20151015040819'),('mediawiki.legacy.wikibits','zh-cn','{}','20151015040819'),('mediawiki.libs.pluralruleparser','zh-cn','{}','20151015040819'),('mediawiki.notify','zh-cn','{}','20151015040819'),('mediawiki.page.ready','zh-cn','{}','20151015040819'),('mediawiki.page.startup','zh-cn','{}','20151015040819'),('mediawiki.searchSuggest','zh-cn','{\"searchsuggest-containing\":\"\\u542b\\u6709...\",\"searchsuggest-search\":\"\\u641c\\u7d22\"}','20151015040819'),('mediawiki.special.version','zh-cn','{}','20151015040832'),('mediawiki.template','zh-cn','{}','20151015040819'),('mediawiki.user','zh-cn','{}','20151015040819'),('mediawiki.util','zh-cn','{}','20151015040819'),('skins.vector.js','zh-cn','{}','20151015040819'),('user.defaults','zh-cn','{}','20151015040819'),('user.options','zh-cn','{}','20151015040817'),('user.tokens','zh-cn','{}','20151015040817');
/*!40000 ALTER TABLE `msg_resource` ENABLE KEYS */;
UNLOCK TABLES;

--
-- Table structure for table `msg_resource_links`
--

DROP TABLE IF EXISTS `msg_resource_links`;
/*!40101 SET @saved_cs_client     = @@character_set_client */;
/*!40101 SET character_set_client = utf8 */;
CREATE TABLE `msg_resource_links` (
  `mrl_resource` varbinary(255) NOT NULL,
  `mrl_message` varbinary(255) NOT NULL,
  UNIQUE KEY `mrl_message_resource` (`mrl_message`,`mrl_resource`)
) ENGINE=InnoDB DEFAULT CHARSET=utf8;
/*!40101 SET character_set_client = @saved_cs_client */;

--
-- Dumping data for table `msg_resource_links`
--

LOCK TABLES `msg_resource_links` WRITE;
/*!40000 ALTER TABLE `msg_resource_links` DISABLE KEYS */;
INSERT INTO `msg_resource_links` VALUES ('mediawiki.language','and'),('jquery.accessKeyLabel','brackets'),('jquery.makeCollapsible','collapsible-collapse'),('jquery.makeCollapsible','collapsible-expand'),('mediawiki.language','comma-separator'),('mediawiki.action.view.postEdit','postedit-confirmation-created'),('mediawiki.action.view.postEdit','postedit-confirmation-restored'),('mediawiki.action.view.postEdit','postedit-confirmation-saved'),('mediawiki.searchSuggest','searchsuggest-containing'),('mediawiki.searchSuggest','searchsuggest-search'),('jquery.accessKeyLabel','word-separator'),('mediawiki.language','word-separator');
/*!40000 ALTER TABLE `msg_resource_links` ENABLE KEYS */;
UNLOCK TABLES;

--
-- Table structure for table `objectcache`
--

DROP TABLE IF EXISTS `objectcache`;
/*!40101 SET @saved_cs_client     = @@character_set_client */;
/*!40101 SET character_set_client = utf8 */;
CREATE TABLE `objectcache` (
  `keyname` varbinary(255) NOT NULL DEFAULT '',
  `value` mediumblob,
  `exptime` datetime DEFAULT NULL,
  PRIMARY KEY (`keyname`),
  KEY `exptime` (`exptime`)
) ENGINE=InnoDB DEFAULT CHARSET=utf8;
/*!40101 SET character_set_client = @saved_cs_client */;

--
-- Dumping data for table `objectcache`
--
--
-- Table structure for table `oldimage`
--

DROP TABLE IF EXISTS `oldimage`;
/*!40101 SET @saved_cs_client     = @@character_set_client */;
/*!40101 SET character_set_client = utf8 */;
CREATE TABLE `oldimage` (
  `oi_name` varchar(255) CHARACTER SET utf8 COLLATE utf8_bin NOT NULL DEFAULT '',
  `oi_archive_name` varchar(255) CHARACTER SET utf8 COLLATE utf8_bin NOT NULL DEFAULT '',
  `oi_size` int(10) unsigned NOT NULL DEFAULT '0',
  `oi_width` int(11) NOT NULL DEFAULT '0',
  `oi_height` int(11) NOT NULL DEFAULT '0',
  `oi_bits` int(11) NOT NULL DEFAULT '0',
  `oi_description` varbinary(767) NOT NULL,
  `oi_user` int(10) unsigned NOT NULL DEFAULT '0',
  `oi_user_text` varchar(255) CHARACTER SET utf8 COLLATE utf8_bin NOT NULL,
  `oi_timestamp` binary(14) NOT NULL DEFAULT '\0\0\0\0\0\0\0\0\0\0\0\0\0\0',
  `oi_metadata` mediumblob NOT NULL,
  `oi_media_type` enum('UNKNOWN','BITMAP','DRAWING','AUDIO','VIDEO','MULTIMEDIA','OFFICE','TEXT','EXECUTABLE','ARCHIVE') DEFAULT NULL,
  `oi_major_mime` enum('unknown','application','audio','image','text','video','message','model','multipart','chemical') NOT NULL DEFAULT 'unknown',
  `oi_minor_mime` varbinary(100) NOT NULL DEFAULT 'unknown',
  `oi_deleted` tinyint(3) unsigned NOT NULL DEFAULT '0',
  `oi_sha1` varbinary(32) NOT NULL DEFAULT '',
  KEY `oi_usertext_timestamp` (`oi_user_text`,`oi_timestamp`),
  KEY `oi_name_timestamp` (`oi_name`,`oi_timestamp`),
  KEY `oi_name_archive_name` (`oi_name`,`oi_archive_name`(14)),
  KEY `oi_sha1` (`oi_sha1`(10))
) ENGINE=InnoDB DEFAULT CHARSET=utf8;
/*!40101 SET character_set_client = @saved_cs_client */;

--
-- Dumping data for table `oldimage`
--

LOCK TABLES `oldimage` WRITE;
/*!40000 ALTER TABLE `oldimage` DISABLE KEYS */;
/*!40000 ALTER TABLE `oldimage` ENABLE KEYS */;
UNLOCK TABLES;

--
-- Table structure for table `page`
--

DROP TABLE IF EXISTS `page`;
/*!40101 SET @saved_cs_client     = @@character_set_client */;
/*!40101 SET character_set_client = utf8 */;
CREATE TABLE `page` (
  `page_id` int(10) unsigned NOT NULL AUTO_INCREMENT,
  `page_namespace` int(11) NOT NULL,
  `page_title` varchar(255) CHARACTER SET utf8 COLLATE utf8_bin NOT NULL,
  `page_restrictions` tinyblob NOT NULL,
  `page_is_redirect` tinyint(3) unsigned NOT NULL DEFAULT '0',
  `page_is_new` tinyint(3) unsigned NOT NULL DEFAULT '0',
  `page_random` double unsigned NOT NULL,
  `page_touched` binary(14) NOT NULL DEFAULT '\0\0\0\0\0\0\0\0\0\0\0\0\0\0',
  `page_links_updated` varbinary(14) DEFAULT NULL,
  `page_latest` int(10) unsigned NOT NULL,
  `page_len` int(10) unsigned NOT NULL,
  `page_content_model` varbinary(32) DEFAULT NULL,
  `page_lang` varbinary(35) DEFAULT NULL,
  PRIMARY KEY (`page_id`),
  UNIQUE KEY `name_title` (`page_namespace`,`page_title`),
  KEY `page_random` (`page_random`),
  KEY `page_len` (`page_len`),
  KEY `page_redirect_namespace_len` (`page_is_redirect`,`page_namespace`,`page_len`)
) ENGINE=InnoDB AUTO_INCREMENT=2 DEFAULT CHARSET=utf8;
/*!40101 SET character_set_client = @saved_cs_client */;

--
-- Dumping data for table `page`
--

LOCK TABLES `page` WRITE;
/*!40000 ALTER TABLE `page` DISABLE KEYS */;
INSERT INTO `page` VALUES (1,0,'首页','',0,1,0.157142924382,'20151015040717','20151015040717',1,560,'wikitext',NULL);
/*!40000 ALTER TABLE `page` ENABLE KEYS */;
UNLOCK TABLES;

--
-- Table structure for table `page_props`
--

DROP TABLE IF EXISTS `page_props`;
/*!40101 SET @saved_cs_client     = @@character_set_client */;
/*!40101 SET character_set_client = utf8 */;
CREATE TABLE `page_props` (
  `pp_page` int(11) NOT NULL,
  `pp_propname` varbinary(60) NOT NULL,
  `pp_value` blob NOT NULL,
  `pp_sortkey` float DEFAULT NULL,
  UNIQUE KEY `pp_page_propname` (`pp_page`,`pp_propname`),
  UNIQUE KEY `pp_propname_page` (`pp_propname`,`pp_page`),
  UNIQUE KEY `pp_propname_sortkey_page` (`pp_propname`,`pp_sortkey`,`pp_page`)
) ENGINE=InnoDB DEFAULT CHARSET=utf8;
/*!40101 SET character_set_client = @saved_cs_client */;

--
-- Dumping data for table `page_props`
--

LOCK TABLES `page_props` WRITE;
/*!40000 ALTER TABLE `page_props` DISABLE KEYS */;
/*!40000 ALTER TABLE `page_props` ENABLE KEYS */;
UNLOCK TABLES;

--
-- Table structure for table `page_restrictions`
--

DROP TABLE IF EXISTS `page_restrictions`;
/*!40101 SET @saved_cs_client     = @@character_set_client */;
/*!40101 SET character_set_client = utf8 */;
CREATE TABLE `page_restrictions` (
  `pr_id` int(10) unsigned NOT NULL AUTO_INCREMENT,
  `pr_page` int(11) NOT NULL,
  `pr_type` varbinary(60) NOT NULL,
  `pr_level` varbinary(60) NOT NULL,
  `pr_cascade` tinyint(4) NOT NULL,
  `pr_user` int(11) DEFAULT NULL,
  `pr_expiry` varbinary(14) DEFAULT NULL,
  PRIMARY KEY (`pr_id`),
  UNIQUE KEY `pr_pagetype` (`pr_page`,`pr_type`),
  KEY `pr_typelevel` (`pr_type`,`pr_level`),
  KEY `pr_level` (`pr_level`),
  KEY `pr_cascade` (`pr_cascade`)
) ENGINE=InnoDB DEFAULT CHARSET=utf8;
/*!40101 SET character_set_client = @saved_cs_client */;

--
-- Dumping data for table `page_restrictions`
--

LOCK TABLES `page_restrictions` WRITE;
/*!40000 ALTER TABLE `page_restrictions` DISABLE KEYS */;
/*!40000 ALTER TABLE `page_restrictions` ENABLE KEYS */;
UNLOCK TABLES;

--
-- Table structure for table `pagelinks`
--

DROP TABLE IF EXISTS `pagelinks`;
/*!40101 SET @saved_cs_client     = @@character_set_client */;
/*!40101 SET character_set_client = utf8 */;
CREATE TABLE `pagelinks` (
  `pl_from` int(10) unsigned NOT NULL DEFAULT '0',
  `pl_from_namespace` int(11) NOT NULL DEFAULT '0',
  `pl_namespace` int(11) NOT NULL DEFAULT '0',
  `pl_title` varchar(255) CHARACTER SET utf8 COLLATE utf8_bin NOT NULL DEFAULT '',
  UNIQUE KEY `pl_from` (`pl_from`,`pl_namespace`,`pl_title`),
  KEY `pl_namespace` (`pl_namespace`,`pl_title`,`pl_from`),
  KEY `pl_backlinks_namespace` (`pl_from_namespace`,`pl_namespace`,`pl_title`,`pl_from`)
) ENGINE=InnoDB DEFAULT CHARSET=utf8;
/*!40101 SET character_set_client = @saved_cs_client */;

--
-- Dumping data for table `pagelinks`
--

LOCK TABLES `pagelinks` WRITE;
/*!40000 ALTER TABLE `pagelinks` DISABLE KEYS */;
/*!40000 ALTER TABLE `pagelinks` ENABLE KEYS */;
UNLOCK TABLES;

--
-- Table structure for table `protected_titles`
--

DROP TABLE IF EXISTS `protected_titles`;
/*!40101 SET @saved_cs_client     = @@character_set_client */;
/*!40101 SET character_set_client = utf8 */;
CREATE TABLE `protected_titles` (
  `pt_namespace` int(11) NOT NULL,
  `pt_title` varchar(255) CHARACTER SET utf8 COLLATE utf8_bin NOT NULL,
  `pt_user` int(10) unsigned NOT NULL,
  `pt_reason` varbinary(767) DEFAULT NULL,
  `pt_timestamp` binary(14) NOT NULL,
  `pt_expiry` varbinary(14) NOT NULL DEFAULT '',
  `pt_create_perm` varbinary(60) NOT NULL,
  UNIQUE KEY `pt_namespace_title` (`pt_namespace`,`pt_title`),
  KEY `pt_timestamp` (`pt_timestamp`)
) ENGINE=InnoDB DEFAULT CHARSET=utf8;
/*!40101 SET character_set_client = @saved_cs_client */;

--
-- Dumping data for table `protected_titles`
--

LOCK TABLES `protected_titles` WRITE;
/*!40000 ALTER TABLE `protected_titles` DISABLE KEYS */;
/*!40000 ALTER TABLE `protected_titles` ENABLE KEYS */;
UNLOCK TABLES;

--
-- Table structure for table `querycache`
--

DROP TABLE IF EXISTS `querycache`;
/*!40101 SET @saved_cs_client     = @@character_set_client */;
/*!40101 SET character_set_client = utf8 */;
CREATE TABLE `querycache` (
  `qc_type` varbinary(32) NOT NULL,
  `qc_value` int(10) unsigned NOT NULL DEFAULT '0',
  `qc_namespace` int(11) NOT NULL DEFAULT '0',
  `qc_title` varchar(255) CHARACTER SET utf8 COLLATE utf8_bin NOT NULL DEFAULT '',
  KEY `qc_type` (`qc_type`,`qc_value`)
) ENGINE=InnoDB DEFAULT CHARSET=utf8;
/*!40101 SET character_set_client = @saved_cs_client */;

--
-- Dumping data for table `querycache`
--

LOCK TABLES `querycache` WRITE;
/*!40000 ALTER TABLE `querycache` DISABLE KEYS */;
/*!40000 ALTER TABLE `querycache` ENABLE KEYS */;
UNLOCK TABLES;

--
-- Table structure for table `querycache_info`
--

DROP TABLE IF EXISTS `querycache_info`;
/*!40101 SET @saved_cs_client     = @@character_set_client */;
/*!40101 SET character_set_client = utf8 */;
CREATE TABLE `querycache_info` (
  `qci_type` varbinary(32) NOT NULL DEFAULT '',
  `qci_timestamp` binary(14) NOT NULL DEFAULT '19700101000000',
  UNIQUE KEY `qci_type` (`qci_type`)
) ENGINE=InnoDB DEFAULT CHARSET=utf8;
/*!40101 SET character_set_client = @saved_cs_client */;

--
-- Dumping data for table `querycache_info`
--

LOCK TABLES `querycache_info` WRITE;
/*!40000 ALTER TABLE `querycache_info` DISABLE KEYS */;

/*!40000 ALTER TABLE `querycache_info` ENABLE KEYS */;
UNLOCK TABLES;

--
-- Table structure for table `querycachetwo`
--

DROP TABLE IF EXISTS `querycachetwo`;
/*!40101 SET @saved_cs_client     = @@character_set_client */;
/*!40101 SET character_set_client = utf8 */;
CREATE TABLE `querycachetwo` (
  `qcc_type` varbinary(32) NOT NULL,
  `qcc_value` int(10) unsigned NOT NULL DEFAULT '0',
  `qcc_namespace` int(11) NOT NULL DEFAULT '0',
  `qcc_title` varchar(255) CHARACTER SET utf8 COLLATE utf8_bin NOT NULL DEFAULT '',
  `qcc_namespacetwo` int(11) NOT NULL DEFAULT '0',
  `qcc_titletwo` varchar(255) CHARACTER SET utf8 COLLATE utf8_bin NOT NULL DEFAULT '',
  KEY `qcc_type` (`qcc_type`,`qcc_value`),
  KEY `qcc_title` (`qcc_type`,`qcc_namespace`,`qcc_title`),
  KEY `qcc_titletwo` (`qcc_type`,`qcc_namespacetwo`,`qcc_titletwo`)
) ENGINE=InnoDB DEFAULT CHARSET=utf8;
/*!40101 SET character_set_client = @saved_cs_client */;

--
-- Dumping data for table `querycachetwo`
--

LOCK TABLES `querycachetwo` WRITE;
/*!40000 ALTER TABLE `querycachetwo` DISABLE KEYS */;
/*!40000 ALTER TABLE `querycachetwo` ENABLE KEYS */;
UNLOCK TABLES;

--
-- Table structure for table `recentchanges`
--

DROP TABLE IF EXISTS `recentchanges`;
/*!40101 SET @saved_cs_client     = @@character_set_client */;
/*!40101 SET character_set_client = utf8 */;
CREATE TABLE `recentchanges` (
  `rc_id` int(11) NOT NULL AUTO_INCREMENT,
  `rc_timestamp` varbinary(14) NOT NULL DEFAULT '',
  `rc_user` int(10) unsigned NOT NULL DEFAULT '0',
  `rc_user_text` varchar(255) CHARACTER SET utf8 COLLATE utf8_bin NOT NULL,
  `rc_namespace` int(11) NOT NULL DEFAULT '0',
  `rc_title` varchar(255) CHARACTER SET utf8 COLLATE utf8_bin NOT NULL DEFAULT '',
  `rc_comment` varbinary(767) NOT NULL DEFAULT '',
  `rc_minor` tinyint(3) unsigned NOT NULL DEFAULT '0',
  `rc_bot` tinyint(3) unsigned NOT NULL DEFAULT '0',
  `rc_new` tinyint(3) unsigned NOT NULL DEFAULT '0',
  `rc_cur_id` int(10) unsigned NOT NULL DEFAULT '0',
  `rc_this_oldid` int(10) unsigned NOT NULL DEFAULT '0',
  `rc_last_oldid` int(10) unsigned NOT NULL DEFAULT '0',
  `rc_type` tinyint(3) unsigned NOT NULL DEFAULT '0',
  `rc_source` varchar(16) CHARACTER SET utf8 COLLATE utf8_bin NOT NULL DEFAULT '',
  `rc_patrolled` tinyint(3) unsigned NOT NULL DEFAULT '0',
  `rc_ip` varbinary(40) NOT NULL DEFAULT '',
  `rc_old_len` int(11) DEFAULT NULL,
  `rc_new_len` int(11) DEFAULT NULL,
  `rc_deleted` tinyint(3) unsigned NOT NULL DEFAULT '0',
  `rc_logid` int(10) unsigned NOT NULL DEFAULT '0',
  `rc_log_type` varbinary(255) DEFAULT NULL,
  `rc_log_action` varbinary(255) DEFAULT NULL,
  `rc_params` blob,
  PRIMARY KEY (`rc_id`),
  KEY `rc_timestamp` (`rc_timestamp`),
  KEY `rc_namespace_title` (`rc_namespace`,`rc_title`),
  KEY `rc_cur_id` (`rc_cur_id`),
  KEY `new_name_timestamp` (`rc_new`,`rc_namespace`,`rc_timestamp`),
  KEY `rc_ip` (`rc_ip`),
  KEY `rc_ns_usertext` (`rc_namespace`,`rc_user_text`),
  KEY `rc_user_text` (`rc_user_text`,`rc_timestamp`)
) ENGINE=InnoDB AUTO_INCREMENT=2 DEFAULT CHARSET=utf8;
/*!40101 SET character_set_client = @saved_cs_client */;

--
-- Dumping data for table `recentchanges`
--

LOCK TABLES `recentchanges` WRITE;
/*!40000 ALTER TABLE `recentchanges` DISABLE KEYS */;
INSERT INTO `recentchanges` VALUES (1,'20151015040717',0,'MediaWiki default',0,'首页','',0,0,1,1,1,0,1,'mw.new',0,'172.16.76.68',0,560,0,0,NULL,'','');
/*!40000 ALTER TABLE `recentchanges` ENABLE KEYS */;
UNLOCK TABLES;

--
-- Table structure for table `redirect`
--

DROP TABLE IF EXISTS `redirect`;
/*!40101 SET @saved_cs_client     = @@character_set_client */;
/*!40101 SET character_set_client = utf8 */;
CREATE TABLE `redirect` (
  `rd_from` int(10) unsigned NOT NULL DEFAULT '0',
  `rd_namespace` int(11) NOT NULL DEFAULT '0',
  `rd_title` varchar(255) CHARACTER SET utf8 COLLATE utf8_bin NOT NULL DEFAULT '',
  `rd_interwiki` varchar(32) DEFAULT NULL,
  `rd_fragment` varchar(255) CHARACTER SET utf8 COLLATE utf8_bin DEFAULT NULL,
  PRIMARY KEY (`rd_from`),
  KEY `rd_ns_title` (`rd_namespace`,`rd_title`,`rd_from`)
) ENGINE=InnoDB DEFAULT CHARSET=utf8;
/*!40101 SET character_set_client = @saved_cs_client */;

--
-- Dumping data for table `redirect`
--

LOCK TABLES `redirect` WRITE;
/*!40000 ALTER TABLE `redirect` DISABLE KEYS */;
/*!40000 ALTER TABLE `redirect` ENABLE KEYS */;
UNLOCK TABLES;

--
-- Table structure for table `revision`
--

DROP TABLE IF EXISTS `revision`;
/*!40101 SET @saved_cs_client     = @@character_set_client */;
/*!40101 SET character_set_client = utf8 */;
CREATE TABLE `revision` (
  `rev_id` int(10) unsigned NOT NULL AUTO_INCREMENT,
  `rev_page` int(10) unsigned NOT NULL,
  `rev_text_id` int(10) unsigned NOT NULL,
  `rev_comment` varbinary(767) NOT NULL,
  `rev_user` int(10) unsigned NOT NULL DEFAULT '0',
  `rev_user_text` varchar(255) CHARACTER SET utf8 COLLATE utf8_bin NOT NULL DEFAULT '',
  `rev_timestamp` binary(14) NOT NULL DEFAULT '\0\0\0\0\0\0\0\0\0\0\0\0\0\0',
  `rev_minor_edit` tinyint(3) unsigned NOT NULL DEFAULT '0',
  `rev_deleted` tinyint(3) unsigned NOT NULL DEFAULT '0',
  `rev_len` int(10) unsigned DEFAULT NULL,
  `rev_parent_id` int(10) unsigned DEFAULT NULL,
  `rev_sha1` varbinary(32) NOT NULL DEFAULT '',
  `rev_content_model` varbinary(32) DEFAULT NULL,
  `rev_content_format` varbinary(64) DEFAULT NULL,
  PRIMARY KEY (`rev_id`),
  UNIQUE KEY `rev_page_id` (`rev_page`,`rev_id`),
  KEY `rev_timestamp` (`rev_timestamp`),
  KEY `page_timestamp` (`rev_page`,`rev_timestamp`),
  KEY `user_timestamp` (`rev_user`,`rev_timestamp`),
  KEY `usertext_timestamp` (`rev_user_text`,`rev_timestamp`),
  KEY `page_user_timestamp` (`rev_page`,`rev_user`,`rev_timestamp`)
) ENGINE=InnoDB AUTO_INCREMENT=2 DEFAULT CHARSET=utf8 MAX_ROWS=10000000 AVG_ROW_LENGTH=1024;
/*!40101 SET character_set_client = @saved_cs_client */;

--
-- Dumping data for table `revision`
--

LOCK TABLES `revision` WRITE;
/*!40000 ALTER TABLE `revision` DISABLE KEYS */;
INSERT INTO `revision` VALUES (1,1,1,'',0,'MediaWiki default','20151015040717',0,0,560,0,'qx0dobm95acnzztr4npwkfqnmzf2mgo',NULL,NULL);
/*!40000 ALTER TABLE `revision` ENABLE KEYS */;
UNLOCK TABLES;

--
-- Table structure for table `searchindex`
--

DROP TABLE IF EXISTS `searchindex`;
/*!40101 SET @saved_cs_client     = @@character_set_client */;
/*!40101 SET character_set_client = utf8 */;
CREATE TABLE `searchindex` (
  `si_page` int(10) unsigned NOT NULL,
  `si_title` varchar(255) NOT NULL DEFAULT '',
  `si_text` mediumtext NOT NULL,
  UNIQUE KEY `si_page` (`si_page`),
  FULLTEXT KEY `si_title` (`si_title`),
  FULLTEXT KEY `si_text` (`si_text`)
) ENGINE=MyISAM DEFAULT CHARSET=utf8;
/*!40101 SET character_set_client = @saved_cs_client */;

--
-- Dumping data for table `searchindex`
--

LOCK TABLES `searchindex` WRITE;
/*!40000 ALTER TABLE `searchindex` DISABLE KEYS */;
INSERT INTO `searchindex` VALUES (1,' u8e9a696 u8e9a1b5 ',' u8e5b7b2 u8e68890 u8e58a9f u8e5ae89 u8e8a385 mediawiki u8e38082 u8e8afb7 u8e69fa5 u8e99885 metau82ewikimediau82eorgu800 wiki help contents u8e794a8 u8e688b7 u8e68c87 u8e58d97 u8e4bba5 u8e88eb7 u8e58f96 u8e4bdbf u8e794a8 u8e69cac wiki u8e8bdaf u8e4bbb6 u8e79a84 u8e4bfa1 u8e681af u8efbc81 u8e585a5 u8e997a8 u8e585a5 u8e997a8 u8e585a5 u8e997a8 wwwu800u82emediawikiu82eorgu800 wiki special mylanguage manual configuration_settings mediawiki u8e9858d u8e7bdae u8e8aebe u8e7bdae u8e58897 u8e8a1a8 wwwu800u82emediawikiu82eorgu800 wiki special mylanguage manual faqu800 zhu800-hans mediawiki u8e5b8b8 u8e8a781 u8e997ae u8e9a298 mediawiki u8e58f91 u8e5b883 u8e982ae u8e4bbb6 u8e58897 u8e8a1a8 wwwu800u82emediawikiu82eorgu800 wiki special mylanguage localisation#translation_resources u8e69cac u8e59cb0 u8e58c96 mediawiki u8e588b0 u8e682a8 u8e79a84 u8e8afad u8e8a880 ');
/*!40000 ALTER TABLE `searchindex` ENABLE KEYS */;
UNLOCK TABLES;

--
-- Table structure for table `site_identifiers`
--

DROP TABLE IF EXISTS `site_identifiers`;
/*!40101 SET @saved_cs_client     = @@character_set_client */;
/*!40101 SET character_set_client = utf8 */;
CREATE TABLE `site_identifiers` (
  `si_site` int(10) unsigned NOT NULL,
  `si_type` varbinary(32) NOT NULL,
  `si_key` varbinary(32) NOT NULL,
  UNIQUE KEY `site_ids_type` (`si_type`,`si_key`),
  KEY `site_ids_site` (`si_site`),
  KEY `site_ids_key` (`si_key`)
) ENGINE=InnoDB DEFAULT CHARSET=utf8;
/*!40101 SET character_set_client = @saved_cs_client */;

--
-- Dumping data for table `site_identifiers`
--

LOCK TABLES `site_identifiers` WRITE;
/*!40000 ALTER TABLE `site_identifiers` DISABLE KEYS */;
/*!40000 ALTER TABLE `site_identifiers` ENABLE KEYS */;
UNLOCK TABLES;

--
-- Table structure for table `site_stats`
--

DROP TABLE IF EXISTS `site_stats`;
/*!40101 SET @saved_cs_client     = @@character_set_client */;
/*!40101 SET character_set_client = utf8 */;
CREATE TABLE `site_stats` (
  `ss_row_id` int(10) unsigned NOT NULL,
  `ss_total_edits` bigint(20) unsigned DEFAULT '0',
  `ss_good_articles` bigint(20) unsigned DEFAULT '0',
  `ss_total_pages` bigint(20) DEFAULT '-1',
  `ss_users` bigint(20) DEFAULT '-1',
  `ss_active_users` bigint(20) DEFAULT '-1',
  `ss_images` int(11) DEFAULT '0',
  UNIQUE KEY `ss_row_id` (`ss_row_id`)
) ENGINE=InnoDB DEFAULT CHARSET=utf8;
/*!40101 SET character_set_client = @saved_cs_client */;

--
-- Dumping data for table `site_stats`
--

LOCK TABLES `site_stats` WRITE;
/*!40000 ALTER TABLE `site_stats` DISABLE KEYS */;
INSERT INTO `site_stats` VALUES (1,1,0,1,1,-1,0);
/*!40000 ALTER TABLE `site_stats` ENABLE KEYS */;
UNLOCK TABLES;

--
-- Table structure for table `sites`
--

DROP TABLE IF EXISTS `sites`;
/*!40101 SET @saved_cs_client     = @@character_set_client */;
/*!40101 SET character_set_client = utf8 */;
CREATE TABLE `sites` (
  `site_id` int(10) unsigned NOT NULL AUTO_INCREMENT,
  `site_global_key` varbinary(32) NOT NULL,
  `site_type` varbinary(32) NOT NULL,
  `site_group` varbinary(32) NOT NULL,
  `site_source` varbinary(32) NOT NULL,
  `site_language` varbinary(32) NOT NULL,
  `site_protocol` varbinary(32) NOT NULL,
  `site_domain` varchar(255) NOT NULL,
  `site_data` blob NOT NULL,
  `site_forward` tinyint(1) NOT NULL,
  `site_config` blob NOT NULL,
  PRIMARY KEY (`site_id`),
  UNIQUE KEY `sites_global_key` (`site_global_key`),
  KEY `sites_type` (`site_type`),
  KEY `sites_group` (`site_group`),
  KEY `sites_source` (`site_source`),
  KEY `sites_language` (`site_language`),
  KEY `sites_protocol` (`site_protocol`),
  KEY `sites_domain` (`site_domain`),
  KEY `sites_forward` (`site_forward`)
) ENGINE=InnoDB DEFAULT CHARSET=utf8;
/*!40101 SET character_set_client = @saved_cs_client */;

--
-- Dumping data for table `sites`
--

LOCK TABLES `sites` WRITE;
/*!40000 ALTER TABLE `sites` DISABLE KEYS */;
/*!40000 ALTER TABLE `sites` ENABLE KEYS */;
UNLOCK TABLES;

--
-- Table structure for table `tag_summary`
--

DROP TABLE IF EXISTS `tag_summary`;
/*!40101 SET @saved_cs_client     = @@character_set_client */;
/*!40101 SET character_set_client = utf8 */;
CREATE TABLE `tag_summary` (
  `ts_rc_id` int(11) DEFAULT NULL,
  `ts_log_id` int(11) DEFAULT NULL,
  `ts_rev_id` int(11) DEFAULT NULL,
  `ts_tags` blob NOT NULL,
  UNIQUE KEY `tag_summary_rc_id` (`ts_rc_id`),
  UNIQUE KEY `tag_summary_log_id` (`ts_log_id`),
  UNIQUE KEY `tag_summary_rev_id` (`ts_rev_id`)
) ENGINE=InnoDB DEFAULT CHARSET=utf8;
/*!40101 SET character_set_client = @saved_cs_client */;

--
-- Dumping data for table `tag_summary`
--

LOCK TABLES `tag_summary` WRITE;
/*!40000 ALTER TABLE `tag_summary` DISABLE KEYS */;
/*!40000 ALTER TABLE `tag_summary` ENABLE KEYS */;
UNLOCK TABLES;

--
-- Table structure for table `templatelinks`
--

DROP TABLE IF EXISTS `templatelinks`;
/*!40101 SET @saved_cs_client     = @@character_set_client */;
/*!40101 SET character_set_client = utf8 */;
CREATE TABLE `templatelinks` (
  `tl_from` int(10) unsigned NOT NULL DEFAULT '0',
  `tl_from_namespace` int(11) NOT NULL DEFAULT '0',
  `tl_namespace` int(11) NOT NULL DEFAULT '0',
  `tl_title` varchar(255) CHARACTER SET utf8 COLLATE utf8_bin NOT NULL DEFAULT '',
  UNIQUE KEY `tl_from` (`tl_from`,`tl_namespace`,`tl_title`),
  KEY `tl_namespace` (`tl_namespace`,`tl_title`,`tl_from`),
  KEY `tl_backlinks_namespace` (`tl_from_namespace`,`tl_namespace`,`tl_title`,`tl_from`)
) ENGINE=InnoDB DEFAULT CHARSET=utf8;
/*!40101 SET character_set_client = @saved_cs_client */;

--
-- Dumping data for table `templatelinks`
--

LOCK TABLES `templatelinks` WRITE;
/*!40000 ALTER TABLE `templatelinks` DISABLE KEYS */;
/*!40000 ALTER TABLE `templatelinks` ENABLE KEYS */;
UNLOCK TABLES;

--
-- Table structure for table `text`
--

DROP TABLE IF EXISTS `text`;
/*!40101 SET @saved_cs_client     = @@character_set_client */;
/*!40101 SET character_set_client = utf8 */;
CREATE TABLE `text` (
  `old_id` int(10) unsigned NOT NULL AUTO_INCREMENT,
  `old_text` mediumblob NOT NULL,
  `old_flags` tinyblob NOT NULL,
  PRIMARY KEY (`old_id`)
) ENGINE=InnoDB AUTO_INCREMENT=2 DEFAULT CHARSET=utf8 MAX_ROWS=10000000 AVG_ROW_LENGTH=10240;
/*!40101 SET character_set_client = @saved_cs_client */;

--
-- Dumping data for table `text`
--

LOCK TABLES `text` WRITE;
/*!40000 ALTER TABLE `text` DISABLE KEYS */;
INSERT INTO `text` VALUES (1,'\'\'\'已成功安装MediaWiki。\'\'\'\n\n请查阅[//meta.wikimedia.org/wiki/Help:Contents 用户指南]以获取使用本wiki软件的信息！\n\n== 入门 ==\n* [//www.mediawiki.org/wiki/Special:MyLanguage/Manual:Configuration_settings MediaWiki配置设置列表]\n* [//www.mediawiki.org/wiki/Special:MyLanguage/Manual:FAQ/zh-hans MediaWiki常见问题]\n* [https://lists.wikimedia.org/mailman/listinfo/mediawiki-announce MediaWiki发布邮件列表]\n* [//www.mediawiki.org/wiki/Special:MyLanguage/Localisation#Translation_resources 本地化MediaWiki到您的语言]','utf-8');
/*!40000 ALTER TABLE `text` ENABLE KEYS */;
UNLOCK TABLES;

--
-- Table structure for table `transcache`
--

DROP TABLE IF EXISTS `transcache`;
/*!40101 SET @saved_cs_client     = @@character_set_client */;
/*!40101 SET character_set_client = utf8 */;
CREATE TABLE `transcache` (
  `tc_url` varbinary(255) NOT NULL,
  `tc_contents` text,
  `tc_time` binary(14) NOT NULL,
  UNIQUE KEY `tc_url_idx` (`tc_url`)
) ENGINE=InnoDB DEFAULT CHARSET=utf8;
/*!40101 SET character_set_client = @saved_cs_client */;

--
-- Dumping data for table `transcache`
--

LOCK TABLES `transcache` WRITE;
/*!40000 ALTER TABLE `transcache` DISABLE KEYS */;
/*!40000 ALTER TABLE `transcache` ENABLE KEYS */;
UNLOCK TABLES;

--
-- Table structure for table `updatelog`
--

DROP TABLE IF EXISTS `updatelog`;
/*!40101 SET @saved_cs_client     = @@character_set_client */;
/*!40101 SET character_set_client = utf8 */;
CREATE TABLE `updatelog` (
  `ul_key` varchar(255) NOT NULL,
  `ul_value` blob,
  PRIMARY KEY (`ul_key`)
) ENGINE=InnoDB DEFAULT CHARSET=utf8;
/*!40101 SET character_set_client = @saved_cs_client */;

--
-- Dumping data for table `updatelog`
--

LOCK TABLES `updatelog` WRITE;
/*!40000 ALTER TABLE `updatelog` DISABLE KEYS */;
/*!40000 ALTER TABLE `updatelog` ENABLE KEYS */;
UNLOCK TABLES;

--
-- Table structure for table `uploadstash`
--

DROP TABLE IF EXISTS `uploadstash`;
/*!40101 SET @saved_cs_client     = @@character_set_client */;
/*!40101 SET character_set_client = utf8 */;
CREATE TABLE `uploadstash` (
  `us_id` int(10) unsigned NOT NULL AUTO_INCREMENT,
  `us_user` int(10) unsigned NOT NULL,
  `us_key` varchar(255) NOT NULL,
  `us_orig_path` varchar(255) NOT NULL,
  `us_path` varchar(255) NOT NULL,
  `us_source_type` varchar(50) DEFAULT NULL,
  `us_timestamp` varbinary(14) NOT NULL,
  `us_status` varchar(50) NOT NULL,
  `us_chunk_inx` int(10) unsigned DEFAULT NULL,
  `us_props` blob,
  `us_size` int(10) unsigned NOT NULL,
  `us_sha1` varchar(31) NOT NULL,
  `us_mime` varchar(255) DEFAULT NULL,
  `us_media_type` enum('UNKNOWN','BITMAP','DRAWING','AUDIO','VIDEO','MULTIMEDIA','OFFICE','TEXT','EXECUTABLE','ARCHIVE') DEFAULT NULL,
  `us_image_width` int(10) unsigned DEFAULT NULL,
  `us_image_height` int(10) unsigned DEFAULT NULL,
  `us_image_bits` smallint(5) unsigned DEFAULT NULL,
  PRIMARY KEY (`us_id`),
  UNIQUE KEY `us_key` (`us_key`),
  KEY `us_user` (`us_user`),
  KEY `us_timestamp` (`us_timestamp`)
) ENGINE=InnoDB DEFAULT CHARSET=utf8;
/*!40101 SET character_set_client = @saved_cs_client */;

--
-- Dumping data for table `uploadstash`
--

LOCK TABLES `uploadstash` WRITE;
/*!40000 ALTER TABLE `uploadstash` DISABLE KEYS */;
/*!40000 ALTER TABLE `uploadstash` ENABLE KEYS */;
UNLOCK TABLES;

--
-- Table structure for table `user`
--

DROP TABLE IF EXISTS `user`;
/*!40101 SET @saved_cs_client     = @@character_set_client */;
/*!40101 SET character_set_client = utf8 */;
CREATE TABLE `user` (
  `user_id` int(10) unsigned NOT NULL AUTO_INCREMENT,
  `user_name` varchar(255) CHARACTER SET utf8 COLLATE utf8_bin NOT NULL DEFAULT '',
  `user_real_name` varchar(255) CHARACTER SET utf8 COLLATE utf8_bin NOT NULL DEFAULT '',
  `user_password` tinyblob NOT NULL,
  `user_newpassword` tinyblob NOT NULL,
  `user_newpass_time` binary(14) DEFAULT NULL,
  `user_email` tinytext NOT NULL,
  `user_touched` binary(14) NOT NULL DEFAULT '\0\0\0\0\0\0\0\0\0\0\0\0\0\0',
  `user_token` binary(32) NOT NULL DEFAULT '\0\0\0\0\0\0\0\0\0\0\0\0\0\0\0\0\0\0\0\0\0\0\0\0\0\0\0\0\0\0\0\0',
  `user_email_authenticated` binary(14) DEFAULT NULL,
  `user_email_token` binary(32) DEFAULT NULL,
  `user_email_token_expires` binary(14) DEFAULT NULL,
  `user_registration` binary(14) DEFAULT NULL,
  `user_editcount` int(11) DEFAULT NULL,
  `user_password_expires` varbinary(14) DEFAULT NULL,
  PRIMARY KEY (`user_id`),
  UNIQUE KEY `user_name` (`user_name`),
  KEY `user_email_token` (`user_email_token`),
  KEY `user_email` (`user_email`(50))
) ENGINE=InnoDB AUTO_INCREMENT=2 DEFAULT CHARSET=utf8;
/*!40101 SET character_set_client = @saved_cs_client */;

--
-- Dumping data for table `user`
--
--
-- Table structure for table `user_former_groups`
--

DROP TABLE IF EXISTS `user_former_groups`;
/*!40101 SET @saved_cs_client     = @@character_set_client */;
/*!40101 SET character_set_client = utf8 */;
CREATE TABLE `user_former_groups` (
  `ufg_user` int(10) unsigned NOT NULL DEFAULT '0',
  `ufg_group` varbinary(255) NOT NULL DEFAULT '',
  UNIQUE KEY `ufg_user_group` (`ufg_user`,`ufg_group`)
) ENGINE=InnoDB DEFAULT CHARSET=utf8;
/*!40101 SET character_set_client = @saved_cs_client */;

--
-- Dumping data for table `user_former_groups`
--

LOCK TABLES `user_former_groups` WRITE;
/*!40000 ALTER TABLE `user_former_groups` DISABLE KEYS */;
/*!40000 ALTER TABLE `user_former_groups` ENABLE KEYS */;
UNLOCK TABLES;

--
-- Table structure for table `user_groups`
--

DROP TABLE IF EXISTS `user_groups`;
/*!40101 SET @saved_cs_client     = @@character_set_client */;
/*!40101 SET character_set_client = utf8 */;
CREATE TABLE `user_groups` (
  `ug_user` int(10) unsigned NOT NULL DEFAULT '0',
  `ug_group` varbinary(255) NOT NULL DEFAULT '',
  UNIQUE KEY `ug_user_group` (`ug_user`,`ug_group`),
  KEY `ug_group` (`ug_group`)
) ENGINE=InnoDB DEFAULT CHARSET=utf8;
/*!40101 SET character_set_client = @saved_cs_client */;

--
-- Dumping data for table `user_groups`
--
--
-- Table structure for table `user_newtalk`
--

DROP TABLE IF EXISTS `user_newtalk`;
/*!40101 SET @saved_cs_client     = @@character_set_client */;
/*!40101 SET character_set_client = utf8 */;
CREATE TABLE `user_newtalk` (
  `user_id` int(10) unsigned NOT NULL DEFAULT '0',
  `user_ip` varbinary(40) NOT NULL DEFAULT '',
  `user_last_timestamp` varbinary(14) DEFAULT NULL,
  KEY `user_id` (`user_id`),
  KEY `user_ip` (`user_ip`)
) ENGINE=InnoDB DEFAULT CHARSET=utf8;
/*!40101 SET character_set_client = @saved_cs_client */;

--
-- Dumping data for table `user_newtalk`
--

LOCK TABLES `user_newtalk` WRITE;
/*!40000 ALTER TABLE `user_newtalk` DISABLE KEYS */;
/*!40000 ALTER TABLE `user_newtalk` ENABLE KEYS */;
UNLOCK TABLES;

--
-- Table structure for table `user_properties`
--

DROP TABLE IF EXISTS `user_properties`;
/*!40101 SET @saved_cs_client     = @@character_set_client */;
/*!40101 SET character_set_client = utf8 */;
CREATE TABLE `user_properties` (
  `up_user` int(11) NOT NULL,
  `up_property` varbinary(255) NOT NULL,
  `up_value` blob,
  UNIQUE KEY `user_properties_user_property` (`up_user`,`up_property`),
  KEY `user_properties_property` (`up_property`)
) ENGINE=InnoDB DEFAULT CHARSET=utf8;
/*!40101 SET character_set_client = @saved_cs_client */;

--
-- Dumping data for table `user_properties`
--

LOCK TABLES `user_properties` WRITE;
/*!40000 ALTER TABLE `user_properties` DISABLE KEYS */;
/*!40000 ALTER TABLE `user_properties` ENABLE KEYS */;
UNLOCK TABLES;

--
-- Table structure for table `valid_tag`
--

DROP TABLE IF EXISTS `valid_tag`;
/*!40101 SET @saved_cs_client     = @@character_set_client */;
/*!40101 SET character_set_client = utf8 */;
CREATE TABLE `valid_tag` (
  `vt_tag` varchar(255) NOT NULL,
  PRIMARY KEY (`vt_tag`)
) ENGINE=InnoDB DEFAULT CHARSET=utf8;
/*!40101 SET character_set_client = @saved_cs_client */;

--
-- Dumping data for table `valid_tag`
--

LOCK TABLES `valid_tag` WRITE;
/*!40000 ALTER TABLE `valid_tag` DISABLE KEYS */;
/*!40000 ALTER TABLE `valid_tag` ENABLE KEYS */;
UNLOCK TABLES;

--
-- Table structure for table `watchlist`
--

DROP TABLE IF EXISTS `watchlist`;
/*!40101 SET @saved_cs_client     = @@character_set_client */;
/*!40101 SET character_set_client = utf8 */;
CREATE TABLE `watchlist` (
  `wl_id` int(10) unsigned NOT NULL AUTO_INCREMENT,
  `wl_user` int(10) unsigned NOT NULL,
  `wl_namespace` int(11) NOT NULL DEFAULT '0',
  `wl_title` varchar(255) CHARACTER SET utf8 COLLATE utf8_bin NOT NULL DEFAULT '',
  `wl_notificationtimestamp` varbinary(14) DEFAULT NULL,
  PRIMARY KEY (`wl_id`),
  UNIQUE KEY `wl_user` (`wl_user`,`wl_namespace`,`wl_title`),
  KEY `namespace_title` (`wl_namespace`,`wl_title`),
  KEY `wl_user_notificationtimestamp` (`wl_user`,`wl_notificationtimestamp`)
) ENGINE=InnoDB DEFAULT CHARSET=utf8;
/*!40101 SET character_set_client = @saved_cs_client */;

--
-- Dumping data for table `watchlist`
--

LOCK TABLES `watchlist` WRITE;
/*!40000 ALTER TABLE `watchlist` DISABLE KEYS */;
/*!40000 ALTER TABLE `watchlist` ENABLE KEYS */;
UNLOCK TABLES;

DROP TABLE IF EXISTS `ajaxpoll_vote`;

CREATE TABLE IF NOT EXISTS /*_*/ajaxpoll_vote (
  `poll_id` varchar(32) NOT NULL default '',
  `poll_user` varchar(255) NOT NULL default '',
  `poll_ip` varchar(255) default NULL,
  `poll_answer` int(3) default NULL,
  `poll_date` datetime default NULL,
  PRIMARY KEY  (`poll_id`,`poll_user`)
) /*$wgDBTableOptions*/;

DROP TABLE IF EXISTS `ajaxpoll_info`;

CREATE TABLE IF NOT EXISTS /*_*/ajaxpoll_info (
  `poll_id` varchar(32) NOT NULL PRIMARY KEY default '',
  `poll_txt` text,
  `poll_img` varchar(256) default NULL,
  `poll_show_results_before_voting` TINYINT(1),
  `poll_date` datetime default NULL
) /*$wgDBTableOptions*/;


DROP TABLE IF EXISTS `site_info`;

CREATE TABLE `site_info` (
	`sid` SMALLINT(6) NOT NULL DEFAULT '1',
	`site_name` VARBINARY(100) NOT NULL default '',
	`site_title` VARBINARY(150) NOT NULL default '',
	`site_seokeywords` VARBINARY(600) NOT NULL default '',
	`site_seodescription` VARBINARY(600) NOT NULL default '',
	`wiki_type` TINYINT(10) NULL DEFAULT '1' COMMENT 'wiki 类型(1UGC,2游戏)',
	`useredit_status` TINYINT(10) NULL DEFAULT '1' COMMENT '普通用户权限(0 不可编辑，1可编辑)',
	`thread_status` TINYINT(10) NULL DEFAULT '0' COMMENT '是否开启讨论区(0不开启，1开启)',
	`mindex_status` TINYINT(10) NULL DEFAULT '0' COMMENT '是否开通手机版首页(0不开启，1开启)',
	`skin_style` VARBINARY(50) NOT NULL default '' COMMENT '站点皮肤',
	PRIMARY KEY (`sid`)
)/*$wgDBTableOptions*/;

--
-- Dumping data for table `watchlist`
--


DROP TABLE IF EXISTS `vote_info`;

CREATE TABLE `vote_info` (
  `vote_id` varchar(32) NOT NULL DEFAULT '',
  `vote_title` varbinary(255) NOT NULL,
  `vote_date` datetime NOT NULL DEFAULT '0000-00-00 00:00:00',
  `vote_ip` varchar(45) NOT NULL DEFAULT '',
  PRIMARY KEY (`vote_id`)
) ENGINE=InnoDB DEFAULT CHARSET=utf8;
/*$wgDBTableOptions*/;


DROP TABLE IF EXISTS `vote_record`;

CREATE TABLE `vote_record` (
  `vote_id` varchar(32) NOT NULL DEFAULT '',
  `username` varchar(255) NOT NULL DEFAULT '0',
  `vote_user_id` int(11) NOT NULL DEFAULT '0',
  `vote_value` char(1) NOT NULL DEFAULT '',
  `vote_date` datetime NOT NULL DEFAULT '0000-00-00 00:00:00',
  `vote_ip` varchar(45) NOT NULL DEFAULT '',
  PRIMARY KEY (`vote_id`,`username`),
  KEY `valueidx` (`vote_value`),
  KEY `usernameidx` (`username`),
  KEY `vote_date` (`vote_date`)
) ENGINE=InnoDB DEFAULT CHARSET=utf8;


/*Table structure for table `smw_concept_cache` */

DROP TABLE IF EXISTS `smw_concept_cache`;

CREATE TABLE `smw_concept_cache` (
  `s_id` int(8) unsigned NOT NULL,
  `o_id` int(8) unsigned NOT NULL,
  KEY `o_id` (`o_id`)
) ENGINE=InnoDB DEFAULT CHARSET=utf8;

/*Data for the table `smw_concept_cache` */

/*Table structure for table `smw_di_blob` */

DROP TABLE IF EXISTS `smw_di_blob`;

CREATE TABLE `smw_di_blob` (
  `s_id` int(8) unsigned NOT NULL,
  `p_id` int(8) unsigned NOT NULL,
  `o_blob` mediumblob,
  `o_hash` varbinary(255) DEFAULT NULL,
  KEY `s_id` (`s_id`,`p_id`),
  KEY `p_id` (`p_id`,`o_hash`),
  KEY `s_id_2` (`s_id`,`o_hash`)
) ENGINE=InnoDB DEFAULT CHARSET=utf8;

/*Data for the table `smw_di_blob` */

/*Table structure for table `smw_di_bool` */

DROP TABLE IF EXISTS `smw_di_bool`;

CREATE TABLE `smw_di_bool` (
  `s_id` int(8) unsigned NOT NULL,
  `p_id` int(8) unsigned NOT NULL,
  `o_value` tinyint(1) DEFAULT NULL,
  KEY `s_id` (`s_id`,`p_id`),
  KEY `p_id` (`p_id`,`o_value`)
) ENGINE=InnoDB DEFAULT CHARSET=utf8;

/*Data for the table `smw_di_bool` */

/*Table structure for table `smw_di_coords` */

DROP TABLE IF EXISTS `smw_di_coords`;

CREATE TABLE `smw_di_coords` (
  `s_id` int(8) unsigned NOT NULL,
  `p_id` int(8) unsigned NOT NULL,
  `o_serialized` varbinary(255) DEFAULT NULL,
  `o_lat` double DEFAULT NULL,
  `o_lon` double DEFAULT NULL,
  KEY `s_id` (`s_id`,`p_id`),
  KEY `p_id` (`p_id`,`o_serialized`),
  KEY `o_lat` (`o_lat`,`o_lon`)
) ENGINE=InnoDB DEFAULT CHARSET=utf8;

/*Data for the table `smw_di_coords` */

/*Table structure for table `smw_di_number` */

DROP TABLE IF EXISTS `smw_di_number`;

CREATE TABLE `smw_di_number` (
  `s_id` int(8) unsigned NOT NULL,
  `p_id` int(8) unsigned NOT NULL,
  `o_serialized` varbinary(255) DEFAULT NULL,
  `o_sortkey` double DEFAULT NULL,
  KEY `s_id` (`s_id`,`p_id`),
  KEY `p_id` (`p_id`,`o_sortkey`)
) ENGINE=InnoDB DEFAULT CHARSET=utf8;

/*Data for the table `smw_di_number` */

/*Table structure for table `smw_di_time` */

DROP TABLE IF EXISTS `smw_di_time`;

CREATE TABLE `smw_di_time` (
  `s_id` int(8) unsigned NOT NULL,
  `p_id` int(8) unsigned NOT NULL,
  `o_serialized` varbinary(255) DEFAULT NULL,
  `o_sortkey` double DEFAULT NULL,
  KEY `s_id` (`s_id`,`p_id`),
  KEY `p_id` (`p_id`,`o_sortkey`)
) ENGINE=InnoDB DEFAULT CHARSET=utf8;

/*Data for the table `smw_di_time` */

/*Table structure for table `smw_di_uri` */

DROP TABLE IF EXISTS `smw_di_uri`;

CREATE TABLE `smw_di_uri` (
  `s_id` int(8) unsigned NOT NULL,
  `p_id` int(8) unsigned NOT NULL,
  `o_serialized` varbinary(255) DEFAULT NULL,
  KEY `s_id` (`s_id`,`p_id`),
  KEY `p_id` (`p_id`,`o_serialized`)
) ENGINE=InnoDB DEFAULT CHARSET=utf8;

/*Data for the table `smw_di_uri` */

/*Table structure for table `smw_di_wikipage` */

DROP TABLE IF EXISTS `smw_di_wikipage`;

CREATE TABLE `smw_di_wikipage` (
  `s_id` int(8) unsigned NOT NULL,
  `p_id` int(8) unsigned NOT NULL,
  `o_id` int(8) unsigned DEFAULT NULL,
  KEY `s_id` (`s_id`,`p_id`),
  KEY `p_id` (`p_id`,`o_id`),
  KEY `o_id` (`o_id`)
) ENGINE=InnoDB DEFAULT CHARSET=utf8;

/*Data for the table `smw_di_wikipage` */

/*Table structure for table `smw_fpt_ask` */

DROP TABLE IF EXISTS `smw_fpt_ask`;

CREATE TABLE `smw_fpt_ask` (
  `s_id` int(8) unsigned NOT NULL,
  `o_id` int(8) unsigned DEFAULT NULL,
  KEY `s_id` (`s_id`),
  KEY `o_id` (`o_id`)
) ENGINE=InnoDB DEFAULT CHARSET=utf8;

/*Data for the table `smw_fpt_ask` */

/*Table structure for table `smw_fpt_askde` */

DROP TABLE IF EXISTS `smw_fpt_askde`;

CREATE TABLE `smw_fpt_askde` (
  `s_id` int(8) unsigned NOT NULL,
  `o_serialized` varbinary(255) DEFAULT NULL,
  `o_sortkey` double DEFAULT NULL,
  KEY `s_id` (`s_id`),
  KEY `o_sortkey` (`o_sortkey`)
) ENGINE=InnoDB DEFAULT CHARSET=utf8;

/*Data for the table `smw_fpt_askde` */

/*Table structure for table `smw_fpt_askdu` */

DROP TABLE IF EXISTS `smw_fpt_askdu`;

CREATE TABLE `smw_fpt_askdu` (
  `s_id` int(8) unsigned NOT NULL,
  `o_serialized` varbinary(255) DEFAULT NULL,
  `o_sortkey` double DEFAULT NULL,
  KEY `s_id` (`s_id`),
  KEY `o_sortkey` (`o_sortkey`)
) ENGINE=InnoDB DEFAULT CHARSET=utf8;

/*Data for the table `smw_fpt_askdu` */

/*Table structure for table `smw_fpt_askfo` */

DROP TABLE IF EXISTS `smw_fpt_askfo`;

CREATE TABLE `smw_fpt_askfo` (
  `s_id` int(8) unsigned NOT NULL,
  `o_blob` mediumblob,
  `o_hash` varbinary(255) DEFAULT NULL,
  KEY `s_id` (`s_id`),
  KEY `o_hash` (`o_hash`),
  KEY `s_id_2` (`s_id`,`o_hash`)
) ENGINE=InnoDB DEFAULT CHARSET=utf8;

/*Data for the table `smw_fpt_askfo` */

/*Table structure for table `smw_fpt_asksi` */

DROP TABLE IF EXISTS `smw_fpt_asksi`;

CREATE TABLE `smw_fpt_asksi` (
  `s_id` int(8) unsigned NOT NULL,
  `o_serialized` varbinary(255) DEFAULT NULL,
  `o_sortkey` double DEFAULT NULL,
  KEY `s_id` (`s_id`),
  KEY `o_sortkey` (`o_sortkey`)
) ENGINE=InnoDB DEFAULT CHARSET=utf8;

/*Data for the table `smw_fpt_asksi` */

/*Table structure for table `smw_fpt_askst` */

DROP TABLE IF EXISTS `smw_fpt_askst`;

CREATE TABLE `smw_fpt_askst` (
  `s_id` int(8) unsigned NOT NULL,
  `o_blob` mediumblob,
  `o_hash` varbinary(255) DEFAULT NULL,
  KEY `s_id` (`s_id`),
  KEY `o_hash` (`o_hash`),
  KEY `s_id_2` (`s_id`,`o_hash`)
) ENGINE=InnoDB DEFAULT CHARSET=utf8;

/*Data for the table `smw_fpt_askst` */

/*Table structure for table `smw_fpt_cdat` */

DROP TABLE IF EXISTS `smw_fpt_cdat`;

CREATE TABLE `smw_fpt_cdat` (
  `s_id` int(8) unsigned NOT NULL,
  `o_serialized` varbinary(255) DEFAULT NULL,
  `o_sortkey` double DEFAULT NULL,
  KEY `s_id` (`s_id`),
  KEY `o_sortkey` (`o_sortkey`)
) ENGINE=InnoDB DEFAULT CHARSET=utf8;

/*Data for the table `smw_fpt_cdat` */

/*Table structure for table `smw_fpt_conc` */

DROP TABLE IF EXISTS `smw_fpt_conc`;

CREATE TABLE `smw_fpt_conc` (
  `s_id` int(8) unsigned NOT NULL,
  `concept_txt` mediumblob,
  `concept_docu` mediumblob,
  `concept_features` int(11) DEFAULT NULL,
  `concept_size` int(11) DEFAULT NULL,
  `concept_depth` int(11) DEFAULT NULL,
  `cache_date` int(8) unsigned DEFAULT NULL,
  `cache_count` int(8) unsigned DEFAULT NULL,
  KEY `s_id` (`s_id`)
) ENGINE=InnoDB DEFAULT CHARSET=utf8;

/*Data for the table `smw_fpt_conc` */

/*Table structure for table `smw_fpt_conv` */

DROP TABLE IF EXISTS `smw_fpt_conv`;

CREATE TABLE `smw_fpt_conv` (
  `s_id` int(8) unsigned NOT NULL,
  `o_blob` mediumblob,
  `o_hash` varbinary(255) DEFAULT NULL,
  KEY `s_id` (`s_id`),
  KEY `o_hash` (`o_hash`),
  KEY `s_id_2` (`s_id`,`o_hash`)
) ENGINE=InnoDB DEFAULT CHARSET=utf8;

/*Data for the table `smw_fpt_conv` */

/*Table structure for table `smw_fpt_dtitle` */

DROP TABLE IF EXISTS `smw_fpt_dtitle`;

CREATE TABLE `smw_fpt_dtitle` (
  `s_id` int(8) unsigned NOT NULL,
  `o_blob` mediumblob,
  `o_hash` varbinary(255) DEFAULT NULL,
  KEY `s_id` (`s_id`),
  KEY `o_hash` (`o_hash`),
  KEY `s_id_2` (`s_id`,`o_hash`)
) ENGINE=InnoDB DEFAULT CHARSET=utf8;

/*Data for the table `smw_fpt_dtitle` */

/*Table structure for table `smw_fpt_impo` */

DROP TABLE IF EXISTS `smw_fpt_impo`;

CREATE TABLE `smw_fpt_impo` (
  `s_id` int(8) unsigned NOT NULL,
  `o_blob` mediumblob,
  `o_hash` varbinary(255) DEFAULT NULL,
  KEY `s_id` (`s_id`),
  KEY `o_hash` (`o_hash`),
  KEY `s_id_2` (`s_id`,`o_hash`)
) ENGINE=InnoDB DEFAULT CHARSET=utf8;

/*Data for the table `smw_fpt_impo` */

/*Table structure for table `smw_fpt_inst` */

DROP TABLE IF EXISTS `smw_fpt_inst`;

CREATE TABLE `smw_fpt_inst` (
  `s_id` int(8) unsigned NOT NULL,
  `o_id` int(8) unsigned DEFAULT NULL,
  KEY `s_id` (`s_id`),
  KEY `o_id` (`o_id`)
) ENGINE=InnoDB DEFAULT CHARSET=utf8;

/*Data for the table `smw_fpt_inst` */

/*Table structure for table `smw_fpt_lcode` */

DROP TABLE IF EXISTS `smw_fpt_lcode`;

CREATE TABLE `smw_fpt_lcode` (
  `s_id` int(8) unsigned NOT NULL,
  `o_blob` mediumblob,
  `o_hash` varbinary(255) DEFAULT NULL,
  KEY `s_id` (`s_id`),
  KEY `o_hash` (`o_hash`),
  KEY `s_id_2` (`s_id`,`o_hash`)
) ENGINE=InnoDB DEFAULT CHARSET=utf8;

/*Data for the table `smw_fpt_lcode` */

/*Table structure for table `smw_fpt_ledt` */

DROP TABLE IF EXISTS `smw_fpt_ledt`;

CREATE TABLE `smw_fpt_ledt` (
  `s_id` int(8) unsigned NOT NULL,
  `o_id` int(8) unsigned DEFAULT NULL,
  KEY `s_id` (`s_id`),
  KEY `o_id` (`o_id`)
) ENGINE=InnoDB DEFAULT CHARSET=utf8;

/*Data for the table `smw_fpt_ledt` */

/*Table structure for table `smw_fpt_list` */

DROP TABLE IF EXISTS `smw_fpt_list`;

CREATE TABLE `smw_fpt_list` (
  `s_id` int(8) unsigned NOT NULL,
  `o_blob` mediumblob,
  `o_hash` varbinary(255) DEFAULT NULL,
  KEY `s_id` (`s_id`),
  KEY `o_hash` (`o_hash`),
  KEY `s_id_2` (`s_id`,`o_hash`)
) ENGINE=InnoDB DEFAULT CHARSET=utf8;

/*Data for the table `smw_fpt_list` */

/*Table structure for table `smw_fpt_mdat` */

DROP TABLE IF EXISTS `smw_fpt_mdat`;

CREATE TABLE `smw_fpt_mdat` (
  `s_id` int(8) unsigned NOT NULL,
  `o_serialized` varbinary(255) DEFAULT NULL,
  `o_sortkey` double DEFAULT NULL,
  KEY `s_id` (`s_id`),
  KEY `o_sortkey` (`o_sortkey`)
) ENGINE=InnoDB DEFAULT CHARSET=utf8;

/*Data for the table `smw_fpt_mdat` */

/*Table structure for table `smw_fpt_prec` */

DROP TABLE IF EXISTS `smw_fpt_prec`;

CREATE TABLE `smw_fpt_prec` (
  `s_id` int(8) unsigned NOT NULL,
  `o_serialized` varbinary(255) DEFAULT NULL,
  `o_sortkey` double DEFAULT NULL,
  KEY `s_id` (`s_id`),
  KEY `o_sortkey` (`o_sortkey`)
) ENGINE=InnoDB DEFAULT CHARSET=utf8;

/*Data for the table `smw_fpt_prec` */

/*Table structure for table `smw_fpt_pval` */

DROP TABLE IF EXISTS `smw_fpt_pval`;

CREATE TABLE `smw_fpt_pval` (
  `s_id` int(8) unsigned NOT NULL,
  `o_blob` mediumblob,
  `o_hash` varbinary(255) DEFAULT NULL,
  KEY `s_id` (`s_id`),
  KEY `o_hash` (`o_hash`),
  KEY `s_id_2` (`s_id`,`o_hash`)
) ENGINE=InnoDB DEFAULT CHARSET=utf8;

/*Data for the table `smw_fpt_pval` */

/*Table structure for table `smw_fpt_redi` */

DROP TABLE IF EXISTS `smw_fpt_redi`;

CREATE TABLE `smw_fpt_redi` (
  `s_title` varbinary(255) NOT NULL,
  `s_namespace` int(11) NOT NULL,
  `o_id` int(8) unsigned DEFAULT NULL,
  KEY `s_title` (`s_title`,`s_namespace`),
  KEY `o_id` (`o_id`)
) ENGINE=InnoDB DEFAULT CHARSET=utf8;

/*Data for the table `smw_fpt_redi` */

/*Table structure for table `smw_fpt_serv` */

DROP TABLE IF EXISTS `smw_fpt_serv`;

CREATE TABLE `smw_fpt_serv` (
  `s_id` int(8) unsigned NOT NULL,
  `o_blob` mediumblob,
  `o_hash` varbinary(255) DEFAULT NULL,
  KEY `s_id` (`s_id`),
  KEY `o_hash` (`o_hash`),
  KEY `s_id_2` (`s_id`,`o_hash`)
) ENGINE=InnoDB DEFAULT CHARSET=utf8;

/*Data for the table `smw_fpt_serv` */

/*Table structure for table `smw_fpt_sobj` */

DROP TABLE IF EXISTS `smw_fpt_sobj`;

CREATE TABLE `smw_fpt_sobj` (
  `s_id` int(8) unsigned NOT NULL,
  `o_id` int(8) unsigned DEFAULT NULL,
  KEY `s_id` (`s_id`),
  KEY `o_id` (`o_id`)
) ENGINE=InnoDB DEFAULT CHARSET=utf8;

/*Data for the table `smw_fpt_sobj` */

/*Table structure for table `smw_fpt_subc` */

DROP TABLE IF EXISTS `smw_fpt_subc`;

CREATE TABLE `smw_fpt_subc` (
  `s_id` int(8) unsigned NOT NULL,
  `o_id` int(8) unsigned DEFAULT NULL,
  KEY `s_id` (`s_id`),
  KEY `o_id` (`o_id`)
) ENGINE=InnoDB DEFAULT CHARSET=utf8;

/*Data for the table `smw_fpt_subc` */

/*Table structure for table `smw_fpt_subp` */

DROP TABLE IF EXISTS `smw_fpt_subp`;

CREATE TABLE `smw_fpt_subp` (
  `s_id` int(8) unsigned NOT NULL,
  `o_id` int(8) unsigned DEFAULT NULL,
  KEY `s_id` (`s_id`),
  KEY `o_id` (`o_id`)
) ENGINE=InnoDB DEFAULT CHARSET=utf8;

/*Data for the table `smw_fpt_subp` */

/*Table structure for table `smw_fpt_text` */

DROP TABLE IF EXISTS `smw_fpt_text`;

CREATE TABLE `smw_fpt_text` (
  `s_id` int(8) unsigned NOT NULL,
  `o_blob` mediumblob,
  `o_hash` varbinary(255) DEFAULT NULL,
  KEY `s_id` (`s_id`),
  KEY `o_hash` (`o_hash`),
  KEY `s_id_2` (`s_id`,`o_hash`)
) ENGINE=InnoDB DEFAULT CHARSET=utf8;

/*Data for the table `smw_fpt_text` */

/*Table structure for table `smw_fpt_type` */

DROP TABLE IF EXISTS `smw_fpt_type`;

CREATE TABLE `smw_fpt_type` (
  `s_id` int(8) unsigned NOT NULL,
  `o_serialized` varbinary(255) DEFAULT NULL,
  KEY `s_id` (`s_id`),
  KEY `o_serialized` (`o_serialized`)
) ENGINE=InnoDB DEFAULT CHARSET=utf8;

/*Data for the table `smw_fpt_type` */

/*Table structure for table `smw_fpt_unit` */

DROP TABLE IF EXISTS `smw_fpt_unit`;

CREATE TABLE `smw_fpt_unit` (
  `s_id` int(8) unsigned NOT NULL,
  `o_blob` mediumblob,
  `o_hash` varbinary(255) DEFAULT NULL,
  KEY `s_id` (`s_id`),
  KEY `o_hash` (`o_hash`),
  KEY `s_id_2` (`s_id`,`o_hash`)
) ENGINE=InnoDB DEFAULT CHARSET=utf8;

/*Data for the table `smw_fpt_unit` */

/*Table structure for table `smw_fpt_uri` */

DROP TABLE IF EXISTS `smw_fpt_uri`;

CREATE TABLE `smw_fpt_uri` (
  `s_id` int(8) unsigned NOT NULL,
  `o_serialized` varbinary(255) DEFAULT NULL,
  KEY `s_id` (`s_id`),
  KEY `o_serialized` (`o_serialized`)
) ENGINE=InnoDB DEFAULT CHARSET=utf8;

/*Data for the table `smw_fpt_uri` */

/*Table structure for table `smw_object_ids` */

DROP TABLE IF EXISTS `smw_object_ids`;

CREATE TABLE `smw_object_ids` (
  `smw_id` int(8) unsigned NOT NULL AUTO_INCREMENT,
  `smw_namespace` int(11) NOT NULL,
  `smw_title` varbinary(255) NOT NULL,
  `smw_iw` varbinary(32) NOT NULL,
  `smw_subobject` varbinary(255) NOT NULL,
  `smw_sortkey` varbinary(255) NOT NULL,
  `smw_proptable_hash` mediumblob,
  PRIMARY KEY (`smw_id`),
  KEY `smw_id` (`smw_id`,`smw_sortkey`),
  KEY `smw_iw` (`smw_iw`),
  KEY `smw_title` (`smw_title`,`smw_namespace`,`smw_iw`,`smw_subobject`),
  KEY `smw_sortkey` (`smw_sortkey`)
) ENGINE=InnoDB AUTO_INCREMENT=51 DEFAULT CHARSET=utf8;

/*Data for the table `smw_object_ids` */

insert  into `smw_object_ids`(`smw_id`,`smw_namespace`,`smw_title`,`smw_iw`,`smw_subobject`,`smw_sortkey`,`smw_proptable_hash`) values (1,102,'_TYPE','','','Has type',NULL),(2,102,'_URI','','','Equivalent URI',NULL),(4,102,'_INST',':smw-intprop','','',NULL),(7,102,'_UNIT','','','Display units',NULL),(8,102,'_IMPO','','','Imported from',NULL),(10,102,'_PDESC','','','Has property description',NULL),(11,102,'_PREC','','','Display precision of',NULL),(12,102,'_CONV','','','Corresponds to',NULL),(13,102,'_SERV','','','Provides service',NULL),(14,102,'_PVAL','','','Allows value',NULL),(15,102,'_REDI',':smw-intprop','','',NULL),(16,102,'_DTITLE','','','Display title of',NULL),(17,102,'_SUBP','','','Subproperty of',NULL),(18,102,'_SUBC','','','Subcategory of',NULL),(19,102,'_CONC',':smw-intprop','','',NULL),(22,102,'_ERRP','','','Has improper value for',NULL),(28,102,'_LIST','','','Has fields',NULL),(29,102,'_MDAT','','','Modification date',NULL),(30,102,'_CDAT','','','Creation date',NULL),(31,102,'_NEWP','','','Is a new page',NULL),(32,102,'_LEDT','','','Last editor is',NULL),(33,102,'_ASK','','','Has query',NULL),(34,102,'_ASKST','','','Query string',NULL),(35,102,'_ASKFO','','','Query format',NULL),(36,102,'_ASKSI','','','Query size',NULL),(37,102,'_ASKDE','','','Query depth',NULL),(40,102,'_LCODE','','','Language code',NULL),(41,102,'_TEXT','','','Text',NULL),(50,0,'',':smw-border','','',NULL);

/*Table structure for table `smw_prop_stats` */

DROP TABLE IF EXISTS `smw_prop_stats`;

CREATE TABLE `smw_prop_stats` (
  `p_id` int(8) unsigned DEFAULT NULL,
  `usage_count` int(8) unsigned DEFAULT NULL,
  UNIQUE KEY `p_id` (`p_id`),
  KEY `usage_count` (`usage_count`)
) ENGINE=InnoDB DEFAULT CHARSET=utf8;

/*Data for the table `smw_prop_stats` */

/*Table structure for table `smw_query_links` */

DROP TABLE IF EXISTS `smw_query_links`;

CREATE TABLE `smw_query_links` (
  `s_id` int(8) unsigned NOT NULL,
  `o_id` int(8) unsigned NOT NULL,
  KEY `s_id` (`s_id`),
  KEY `o_id` (`o_id`),
  KEY `s_id_2` (`s_id`,`o_id`)
) ENGINE=InnoDB DEFAULT CHARSET=utf8;

/*Data for the table `smw_query_links` */

/*!40103 SET TIME_ZONE=@OLD_TIME_ZONE */;



DROP TABLE IF EXISTS `page_addons`;

CREATE TABLE `page_addons` (
  `page_id` int(11) NOT NULL DEFAULT '0' COMMENT '文章id',
  `like_count` int(11) NOT NULL DEFAULT '0' COMMENT '文章点赞',
  `short_comment_count` int(11) NOT NULL DEFAULT '0' COMMENT '短评总数',
  `last_edit_user` varbinary(255) DEFAULT NULL COMMENT '最后编辑人',
  `edit_count` int(11) NOT NULL DEFAULT '0' COMMENT '编辑次数',
  `pa_timestamp` timestamp NOT NULL DEFAULT CURRENT_TIMESTAMP ON UPDATE CURRENT_TIMESTAMP COMMENT '最后更改时间',
  PRIMARY KEY (`page_id`)
) ENGINE=InnoDB DEFAULT CHARSET=utf8 COMMENT='文章附加表'
/*$wgDBTableOptions*/;
--
-- Dumping data for table `watchlist`
--


DROP TABLE IF EXISTS `page_short_comment`;

CREATE TABLE IF NOT EXISTS `page_short_comment` (
  `psc_id` INT(11) NOT NULL AUTO_INCREMENT,
  `page_id` INT(11) NOT NULL DEFAULT '0' COMMENT '文章id',
  `like_count` INT(11) NOT NULL DEFAULT '0' COMMENT '短评点赞',
  `body` VARCHAR(100) NOT NULL DEFAULT '0' COMMENT '文章短评',
  PRIMARY KEY (`psc_id`),INDEX(page_id)
) ENGINE=INNODB DEFAULT CHARSET=utf8mb4 COLLATE=utf8mb4_unicode_ci COMMENT='文章短评';
/*$wgDBTableOptions*/;


/*Data for the table `smw_query_links` */

/*!40103 SET TIME_ZONE=@OLD_TIME_ZONE */;

DROP TABLE IF EXISTS `page_clicklike`;
CREATE TABLE `page_clicklike` (
  `pcl_id` INT(11) NOT NULL AUTO_INCREMENT COMMENT '自增ID',
  `page_id` INT(11) NOT NULL COMMENT '页面id',
  `user` VARCHAR(32) NOT NULL COMMENT '用户',
  `create_time` INT(11) NOT NULL COMMENT '创建时间',
  PRIMARY KEY (`pcl_id`),
  UNIQUE KEY `user` (`user`,page_id)
) ENGINE=INNODB DEFAULT CHARSET=utf8 COMMENT='wiki点赞记录表'
/*$wgDBTableOptions*/;

/*Data for the table `smw_query_links` */

/*!40103 SET TIME_ZONE=@OLD_TIME_ZONE */;
DROP TABLE IF EXISTS `page_short_comment_log`;
CREATE TABLE `page_short_comment_log` (
  `pscl_id` int(11) NOT NULL AUTO_INCREMENT COMMENT '自增ID',
  `page_id` int(11) NOT NULL COMMENT '页面id',
  `psc_id` int(11) NOT NULL COMMENT '短评id',
  `user` varchar(32) NOT NULL COMMENT '用户',
  `type` smallint(6) NOT NULL COMMENT '1-添加，2-点赞',
  `create_time` int(11) NOT NULL COMMENT '创建时间',
  PRIMARY KEY (`pscl_id`)
) ENGINE=InnoDB DEFAULT CHARSET=utf8 COMMENT='wiki短评记录表'
/*$wgDBTableOptions*/;

alter table `page_addons` 
   add column `contribute_id` int(11) DEFAULT '0' NOT NULL COMMENT '贡献id' after `pa_timestamp`,
   add column `contribute_uid` int(11) DEFAULT '0' NOT NULL COMMENT '核心贡献者id' after `contribute_id`,
   add column `quality` int(11) DEFAULT '0' NOT NULL COMMENT '文章质量' after `contribute_uid`;
   
CREATE TABLE `page_contribute` (
  `id` INT(11) UNSIGNED NOT NULL AUTO_INCREMENT,
  `uid` INT(11) NOT NULL COMMENT '用户id',
  `page_id` INT(11) NOT NULL COMMENT '页面id',
  `edit_bytes` INT(11) NOT NULL DEFAULT '0' COMMENT '编辑字节数',
  `edit_count` INT(10) NOT NULL DEFAULT '0' COMMENT '编辑次数',
  `thanks_count` INT(10) NOT NULL DEFAULT '0' COMMENT '膜拜次数',
  `contributes` DOUBLE(11,2) NOT NULL DEFAULT '0' COMMENT '贡献值',
  PRIMARY KEY (`id`),
  UNIQUE KEY `uid_pageid_idx` (`uid`,`page_id`)
) ENGINE=INNODB AUTO_INCREMENT=0 DEFAULT CHARSET=utf8mb4;

CREATE TABLE `page_contribute_thanks` (
  `id` INT(11) UNSIGNED NOT NULL AUTO_INCREMENT COMMENT '主键id',
  `uid` INT(11) NOT NULL COMMENT '用户id',
  `contribute_id` INT(11) NOT NULL COMMENT '贡献表id',
  `t_type` SMALLINT(10) NOT NULL DEFAULT '1' COMMENT '操作类型 1感谢2膜拜',
  `t_count` INT(10) NOT NULL DEFAULT '1' COMMENT '次数',
  PRIMARY KEY (`id`),
  KEY `uid_contrubuteid_idx` (`contribute_id`,`uid`,`t_type`)
) ENGINE=INNODB AUTO_INCREMENT=0 DEFAULT CHARSET=utf8mb4;

/*!40101 SET SQL_MODE=@OLD_SQL_MODE */;
/*!40014 SET FOREIGN_KEY_CHECKS=@OLD_FOREIGN_KEY_CHECKS */;
/*!40014 SET UNIQUE_CHECKS=@OLD_UNIQUE_CHECKS */;
/*!40101 SET CHARACTER_SET_CLIENT=@OLD_CHARACTER_SET_CLIENT */;
/*!40101 SET CHARACTER_SET_RESULTS=@OLD_CHARACTER_SET_RESULTS */;
/*!40101 SET COLLATION_CONNECTION=@OLD_COLLATION_CONNECTION */;
/*!40111 SET SQL_NOTES=@OLD_SQL_NOTES */;

-- Dump completed on 2015-10-15 12:13:19
